/*
 Navicat Premium Data Transfer

 Source Server         : localhost
 Source Server Type    : MySQL
 Source Server Version : 80400
 Source Host           : localhost:3306
 Source Schema         : guli_chat

 Target Server Type    : MySQL
 Target Server Version : 80400
 File Encoding         : 65001

 Date: 13/01/2025 15:26:11
*/

create database guli_chat;
use guli_chat;

SET NAMES utf8mb4;
SET FOREIGN_KEY_CHECKS = 0;

-- ----------------------------
-- Table structure for chat_knowledge
-- ----------------------------
DROP TABLE IF EXISTS `chat_knowledge`;
CREATE TABLE `chat_knowledge`  (
  `knowledge_id` int NOT NULL AUTO_INCREMENT,
  `user_id` int NULL DEFAULT NULL COMMENT '用户id',
  `project_id` int NULL DEFAULT NULL COMMENT '项目id',
  `file_name` varchar(255) CHARACTER SET utf8mb4 COLLATE utf8mb4_0900_ai_ci NOT NULL COMMENT '文件名',
  `content` blob NULL COMMENT '文件内容',
  `create_by` varchar(64) CHARACTER SET utf8mb4 COLLATE utf8mb4_0900_ai_ci NULL DEFAULT '' COMMENT '创建者',
  `create_time` datetime NULL DEFAULT NULL COMMENT '创建时间',
  `update_by` varchar(64) CHARACTER SET utf8mb4 COLLATE utf8mb4_0900_ai_ci NULL DEFAULT '' COMMENT '更新者',
  `update_time` datetime NULL DEFAULT NULL COMMENT '更新时间',
  `remark` varchar(500) CHARACTER SET utf8mb4 COLLATE utf8mb4_0900_ai_ci NULL DEFAULT NULL COMMENT '备注',
  PRIMARY KEY (`knowledge_id`) USING BTREE
) ENGINE = InnoDB AUTO_INCREMENT = 28 CHARACTER SET = utf8mb4 COLLATE = utf8mb4_0900_ai_ci COMMENT = '知识库管理' ROW_FORMAT = DYNAMIC;

-- ----------------------------
-- Records of chat_knowledge
-- ----------------------------
INSERT INTO `chat_knowledge` VALUES (22, 1, 114, 'who.txt', 0xE69D8EE58588E9948BE88081E5B888EFBC8CE5B09AE7A185E8B0B7E69C80E5B885E79A84E8AEB2E5B888EFBC8CE5908CE697B6E585BCE585B7E68A80E69CAFE5AE9EE58A9BEFBC8CE698AFE8BF84E4BB8AE4B8BAE6ADA2E69C80E58F97E5B9BFE5A4A7E5ADA6E7949FE5969CE788B1E79A84E8AEB2E5B888EFBC8CE6B2A1E69C89E4B98BE4B880E38082, 'admin', '2024-07-01 10:57:24', '', NULL, NULL);
INSERT INTO `chat_knowledge` VALUES (23, 1, 114, '听书.txt', 0xE4B893E8BE91E5928CE5A3B0E99FB3E7AEA1E79086EFBC9A6D696E494F20E885BEE8AEAFE4BA91E782B9E692AD20E8A18CE8BDACE588970D0AE58D95E782B9E799BBE5BD95EFBC9AE5BEAEE4BFA1E799BBE5BD95E38081E8B4A6E58FB7E799BBE5BD95E3808120414F502BE887AAE5AE9AE4B989E6B3A8E8A7A3E8BF9BE8A18CE8BAABE4BBBDE8AEA4E8AF81E3808120E58886E5B883E5BC8FE4BA8BE58AA1EFBC887365617461EFBC89E3808120E7AD96E795A5E6A8A1E5BC8F0D0AE6909CE7B4A2E6A8A1E59D97EFBC9A456C6173746963736561726368E38081E58092E68E92E7B4A2E5BC95E38081E4B8BAE4BB80E4B988E98089E68BA96573E38081E6B7B1E5BAA6E58886E9A1B5E997AEE9A298E38081E68F90E7A4BAE8AF8DE5BA93EFBC88E887AAE58AA8E8A1A5E585A8EFBC890D0AE79BB4E692ADE58F8AE58DB3E697B6E9809AE4BFA1EFBC9AE79BB4E692ADE6B581E58D8FE8AEAEEFBC88576562525443E3808152544D50E38081687474702D666C76E38081484C53EFBC89E38081E885BEE8AEAFE4BA91E79BB4E692ADE38081776562736F636B6574E9809AE4BFA1E38081E4B8ADE4BB8BE88085E6A8A1E5BC8FE5928CE8A782E5AF9FE88085E6A8A1E5BC8FE380817265646973E58F91E5B883E8AEA2E998850D0AE4B893E8BE91E5928CE5A3B0E99FB3E8AFA6E68385EFBC9A436F6D706C657461626C65467574757265E5BC82E6ADA5E7BC96E68E92E380814D6F6E676F6462E38081E7BC93E5AD98E38081E58886E5B883E5BC8FE99481E38081E5B883E99A86E8BF87E6BBA4E599A8E38081E58886E5B883E5BC8FE994812BE5B883E99A86E8BF87E6BBA4E599A82B414F502BE887AAE5AE9AE4B989E6B3A8E8A7A3E5B081E8A385E7BC93E5AD98E380816269744D61700D0A78786C2D6A6F62E5AE9AE697B6E4BBBBE58AA1EFBC9A78786C2D6A6F62E38081E794A8E688B7E8BF87E69C9F766970E5A484E790860D0AE8AEA2E58D95E58F8AE694AFE4BB98EFBC9AE6A8A1E69DBFE696B9E6B395E6A8A1E5BC8FE38081E8B4A3E4BBBBE993BEE6A8A1E5BC8FE380816B61666B61E8A7A3E586B3E58886E5B883E5BC8FE4BA8BE58AA1E38081E5B982E7AD89E680A7E38081E8AEA2E58D95E7A1AEE8AEA4E9A1B5E38081E68F90E4BAA4E8AEA2E58D95E38081E5BEAEE4BFA1E694AFE4BB98, 'admin', '2024-07-01 10:58:17', '', NULL, NULL);
INSERT INTO `chat_knowledge` VALUES (24, 1, 117, 'who.txt', 0xE69D8EE58588E9948BE88081E5B888EFBC8CE5B09AE7A185E8B0B7E69C80E5B885E79A84E8AEB2E5B888EFBC8CE5908CE697B6E585BCE585B7E68A80E69CAFE5AE9EE58A9BEFBC8CE698AFE8BF84E4BB8AE4B8BAE6ADA2E69C80E58F97E5B9BFE5A4A7E5ADA6E7949FE5969CE788B1E79A84E8AEB2E5B888EFBC8CE6B2A1E69C89E4B98BE4B880E38082, 'admin', '2024-07-01 10:58:35', '', NULL, NULL);
INSERT INTO `chat_knowledge` VALUES (25, 1, 117, '建议.txt', 0x0D0AE5BC80E6BA90E794B5E59586EFBC9A68747470733A2F2F6769746875622E636F6D2F677A2D79616D692F6D616C6C34636C6F75640D0A0D0AE8AEA2E58D95E78AB6E68081E4BFAEE694B9EFBC9AE78AB6E68081E6A8A1E5BC8F0D0AE4B88BE58D95E6B581E7A88BEFBC9AE8B4A3E4BBBBE993BEE6A8A1E5BC8F0D0A0D0A6D7973716CE9AB98E7BAA7EFBC9A0D0A096D7973716C38E58F96E6B688E69FA5E8AFA2E7BC93E5AD98EFBC8CE5A49AE4BA86E7BC93E586B2E6B1A0E79A84E6A682E5BFB5EFBC88E58FAFE4BBA5E58F82E785A7E5AE8BE7BAA2E5BAB7E8AFBEE4BBB6EFBC890D0A0973656C656374202E2E2E20666F7220757064617465EFBC9A0D0A0909E59CA85243E99A94E7A6BBE7BAA7E588ABE4B88BEFBC9A0D0A090909E5A682E69E9CE698AFE594AFE4B880E7B4A2E5BC95EFBC8CE4BC9AE58AA0E8A1A8E7BAA7E588ABE79A84E6848FE59091E99481E38081E699AEE9809AE7B4A2E5BC95E79A84E8AEB0E5BD95E99481E38081E4B8BBE994AEE7B4A2E5BC95E79A84E8AEB0E5BD95E994810D0A090909E5A682E69E9CE698AFE4B8BBE994AEE7B4A2E5BC95EFBC8CE4BC9AE58AA0E8A1A8E7BAA7E588ABE79A84E6848FE59091E99481E38081E4B8BBE994AEE7B4A2E5BC95E79A84E8AEB0E5BD95E994810D0A090909E5A682E69E9CE698AFE699AEE9809AE7B4A2E5BC95EFBC8CE4BC9AE58AA0E8A1A8E7BAA7E588ABE79A84E6848FE59091E99481E38081E699AEE9809AE7B4A2E5BC95E79A84E8AEB0E5BD95E99481E38081E4B8BBE994AEE7B4A2E5BC95E79A84E8AEB0E5BD95E994810D0A090909E5A682E69E9CE698AFE697A0E7B4A2E5BC95EFBC8CE4BC9AE58AA0E8A1A8E7BAA7E588ABE79A84E6848FE59091E99481E38081E4B8BBE994AEE7B4A2E5BC95E79A84E8AEB0E5BD95E99481200D0A09090909E8A7A3E9878AEFBC9AE88BA5E6B2A1E69C89E7B4A2E5BC95EFBC8C6D7973716CE4BC9AE8B5B0E8819AE7B087E7B4A2E5BC95E8BF9BE8A18CE585A8E8A1A8E689ABE68F8FE8BF87E6BBA4E38082E6AF8FE69DA1E8AEB0E5BD95E983BDE8A681E58AA058E99481EFBC8CE4BD86E698AFE4B8BAE4BA86E69588E78E87E88083E89991EFBC8C4D7953514CE59CA8E8BF99E696B9E99DA2E8BF9BE8A18CE4BA86E694B9E8BF9BEFBC8CE59CA8E689ABE68F8FE8BF87E7A88BE4B8ADEFBC8CE88BA5E8AEB0E5BD95E4B88DE6BBA1E8B6B3E69DA1E4BBB6EFBC8CE4BC9AE8BF9BE8A18CE8A7A3E99481E6938DE4BD9CE380820D0A0909E59CA85252E99A94E7A6BBE7BAA7E588ABE4B88BEFBC9A0D0A090909E5A682E69E9CE698AFE594AFE4B880E994AEE7B4A2E5BC95E68896E88085E4B8BBE994AEE7B4A2E5BC95EFBC8CE5908CE4B88A0D0A090909E5A682E69E9CE698AFE699AEE9809AE7B4A2E5BC95EFBC8CE4BC9AE5A49AE58AA0E4B880E4B8AAE997B4E99A99E99481EFBC8834E68A8AE99481EFBC890D0A090909E5A682E69E9CE698AFE697A0E7B4A2E5BC95EFBC8CE4BC9AE68A8AE6AF8FE8A18CE8AEB0E5BD95E58AA0E99481EFBC8CE4BBA5E58F8AE4B880E4B8AAE588B073757072656D756D282BE697A0E7A9B7E5A4A729E79A84E997B4E99A99E994810D0A090909E5A682E69E9CE4B8A4E4B8AAE69DA1E4BBB6EFBC9AE4B880E4B8AAE594AFE4B880E7B4A2E5BC95E38081E4B880E4B8AAE697A0E7B4A2E5BC95EFBC8CE784B6E5908EE6B2A1E69C89E591BDE4B8ADE8AEB0E5BD950D0A09090909E7BB93E69E9CEFBC9AE6848FE59091E68E92E4BB96E99481E38081E594AFE4B880E7B4A2E5BC95E5AFB9E5BA94E79A84E8A18CE99481E38081E4B8BBE994AEE7B4A2E5BC95E5AFB9E5BA94E79A84E8A18CE994810D0A0909090D0A0D0AE794B5E59586EFBC9A0D0A09312E6573206A617661E5AEA2E688B7E7ABAFE59B9EE9A1BEEFBC9AE69687E6A1A3E696B0E5A29EE5928CE69BB4E696B00D0A0D0A6A766DEFBC9A0D0A09E696B9E6B395E58CBAEFBC9AE7B1BBE4BFA1E681AFE38081E8BF90E8A18CE697B6E5B8B8E9878FE6B1A0EFBC882A2AEFBC89E38081E99D99E68081E58F98E9878FE38081E58DB3E697B6E7BC96E8AF91E599A8E7BC96E8AF91E5908EE79A84E4BBA3E7A0810D0A09E58FAFE8BEBEE680A7E58886E69E90E7AE97E6B395EFBC9A0D0A09094F6F704D61700D0A0909E4B889E889B2E6A087E8AEB0E6B3950D0A09E8AEB0E5BF86E99B86E5928CE58DA1E8A1A80D0A0968747470733A2F2F7777772E746F757469616F2E636F6D2F61727469636C652F373232343035313035353431303033373330392F3F6170703D6E6577735F61727469636C652674696D657374616D703D31363838313835303636267573655F6E65775F7374796C653D31267265715F69643D323032333037303131323137343641364338323843394532463841344332314135422667726F75705F69643D373232343035313035353431303033373330392673686172655F746F6B656E3D41463030423330412D434643452D343736312D394230372D4439363643333638304237452674745F66726F6D3D77656978696E2675746D5F736F757263653D77656978696E2675746D5F6D656469756D3D746F757469616F5F696F732675746D5F63616D706169676E3D636C69656E745F736861726526777873686172655F636F756E743D3226736F757263653D6D5F72656469726563740D0A090D0A0D0A6A7563EFBC9A0D0A09312E6661696C2D66617374E5928C6661696C2D73616665E69CBAE588B620E58F8A20E58CBAE588ABEFBC9F0D0A09096661696C2D66617374EFBC9AE5BFABE9809FE5A4B1E8B4A5E69CBAE588B6E38082E9818DE58E86E8BF87E7A88BE4B8ADEFBC8CE5AEB9E599A8E79A84E695B0E68DAEE8A2ABE4BFAEE694B9EFBC8CE4BC9AE7AB8BE588BBE68A9BE587BA436F6E63757272656E744D6F64696669636174696F6E457863657074696F6EE5BC82E5B8B80D0A090909E59CA8E5A49AE7BABFE7A88BE5928CE58D95E7BABFE7A88BE78EAFE5A283E4B88BE983BDE69C89E58FAFE883BDE587BAE78EB0E5BFABE9809FE5A4B1E8B4A5E380820D0A09096661696C2D73616665EFBC9AE5AE89E585A8E5A4B1E8B4A5E69CBAE588B6E38082E59CA8E9818DE58E86E697B6E4B88DE698AFE79BB4E68EA5E59CA8E99B86E59088E58685E5AEB9E4B88AE8AEBFE997AEE79A84EFBC8CE8808CE698AFE58588E5A48DE588B6E58E9FE69C89E99B86E59088E58685E5AEB9EFBC8CE59CA8E68BB7E8B49DE79A84E99B86E59088E4B88AE8BF9BE8A18CE9818DE58E86E380820D0A090909E4BC98E782B9E698AFE981BFE5858DE4BA86436F6E63757272656E744D6F64696669636174696F6E457863657074696F6EEFBC8CE7BCBAE782B9E698AFE8BFADE4BBA3E599A8E5B9B6E4B88DE883BDE8AEBFE997AEE588B0E4BFAEE694B9E5908EE79A84E58685E5AEB90D0A09322EE5AFB9E8B1A1E58685E5AD98E5B883E5B180EFBC9AE5AFB9E8B1A1E5A4B4EFBC884D61726B20576F7264E38081EFBC89E38081E5AFB9E8B1A1E5AE9EE4BE8BE695B0E68DAEE38081E5AFB9E9BD90E5A1ABE585850D0A09332EE58685E5AD98E5B18FE99A9C0D0A0D0A486173684D6170E5B9B6E58F91E997AEE9A298EFBC9A0D0A09312EE5B9B6E58F91E4BFAEE694B9E5BC82E5B8B80D0A09322EE695B0E68DAEE4B8A2E5A4B1E997AEE9A298EFBC9AE4B8A4E4B8AAE7BABFE7A88B707574E695B0E68DAEEFBC8CE7BB93E69E9CE58FAAE69C89E4B880E4B8AA6B760D0A09332EE689A9E5AEB9E6ADBBE993BEE997AEE9A2980D0A090D0A4C697374204D6170E7BABFE7A88BE5B9B6E58F91E997AEE9A298200D0A6661696C2D66617374206661696C2D7361666520EFBC88E697A0E6B395E4BAA4E4BBA3E6B885E6A59AEFBC890D0AE8A7A3E586B3E7BABFE7A88BE4B88DE5AE89E585A80D0AE59B9EE588B0E8AFBEE4BBB60D0A434F57E5AEB9E599A80D0A0D0AE8BF87E6BBA4E599A8EFBC9A426C6F6F6D2046696C746572E38081586F722046696C746572E38081526962626F6E2046696C746572200D0A0968747470733A2F2F646576656C6F7065722E616C6979756E2E636F6D2F61727469636C652F3938303739363F75746D5F636F6E74656E743D6D5F313030303334393535380D0A0D0AE4BAA7E59381E7BB8FE79086E6A8A1E69DBFEFBC9A68747470733A2F2F7A31646175647865346D2E6665697368752E636E2F646F63782F484F69776437744F366F5869714B7859643949637A7452306E37670D0A09E8BF98E69C89E4B880E4B8AA64657369676E206E6F74650D0A090D0A090D0A312EE5889BE5BBBAE59E8BE6A8A1E5BC8F0D0A09E5B7A5E58E82E696B9E6B395E6A8A1E5BC8FEFBC9AE5BD93E7B1BBE697A0E6B395E9A284E79FA5E8A681E5889BE5BBBAE79A84E5AFB9E8B1A1E79A84E7A1AEE58887E7B1BBE588ABEFBC8CE4BD86E5AE83E883BDE5A49FE79FA5E98193E5AE83E5BA94E8AFA5E5A682E4BD95E5889BE5BBBAE8BF99E4BA9BE5AFB9E8B1A1E697B6EFBC8CE58FAFE4BBA5E4BDBFE794A8E6ADA4E6A8A1E5BC8FE380820D0A09E68ABDE8B1A1E5B7A5E58E82E6A8A1E5BC8FEFBC9AE5BD93E4B880E4B8AAE7B3BBE7BB9FE5BF85E9A1BBE78BACE7AB8BE4BA8EE5AE83E68980E99C80E8A681E5889BE5BBBAE79A84E5AFB9E8B1A1E79A84E697B6E58099EFBC8CE58FAFE4BBA5E4BDBFE794A8E6ADA4E6A8A1E5BC8FE380820D0A09E58D95E4BE8BE6A8A1E5BC8FEFBC9AE5BD93E99C80E8A681E4BF9DE8AF81E4B880E4B8AAE7B1BBE58FAAE69C89E4B880E4B8AAE5AE9EE4BE8BE4B894E585A8E5B180E58FAFE8AEBFE997AEE697B6EFBC8CE58FAFE4BBA5E4BDBFE794A8E6ADA4E6A8A1E5BC8FE380820D0A09E5BBBAE980A0E88085E6A8A1E5BC8FEFBC9AE5BD93E99C80E8A681E4B880E6ADA5E4B880E6ADA5E5889BE5BBBAE5A48DE69D82E5AFB9E8B1A1E697B6EFBC8CE58FAFE4BBA5E4BDBFE794A8E6ADA4E6A8A1E5BC8FE380820D0A09E58E9FE59E8BE6A8A1E5BC8FEFBC9AE5BD93E99C80E8A681E4BB8EE78EB0E69C89E5AFB9E8B1A1E5889BE5BBBAE696B0E5AFB9E8B1A1E697B6EFBC8CE4BD86E698AFE5889BE5BBBAE696B0E5AFB9E8B1A1E79A84E68890E69CACE5BE88E9AB98EFBC8CE58FAFE4BBA5E4BDBFE794A8E6ADA4E6A8A1E5BC8FE380820D0A322EE7BB93E69E84E59E8BE6A8A1E5BC8F0D0A09E98082E9858DE599A8E6A8A1E5BC8FEFBC9AE5BD93E99C80E8A681E4BDBFE794A8E4B880E4B8AAE5B7B2E7BB8FE5AD98E59CA8E79A84E7B1BBEFBC8CE4BD86E698AFE68EA5E58FA3E4B88DE7ACA6E59088E8A681E6B182E697B6EFBC8CE58FAFE4BBA5E4BDBFE794A8E6ADA4E6A8A1E5BC8FE380820D0A09E6A1A5E68EA5E6A8A1E5BC8FEFBC9AE5BD93E99C80E8A681E68A8AE4B880E4B8AAE5AFB9E8B1A1E79A84E5AE9EE78EB0E5928CE5AE83E79A84E68ABDE8B1A1E58886E7A6BBE5BC80E69DA5EFBC8CE4BBA5E4BEBFE5AE83E4BBACE58FAFE4BBA5E78BACE7AB8BE59CB0E58F98E58C96E697B6EFBC8CE58FAFE4BBA5E4BDBFE794A8E6ADA4E6A8A1E5BC8FE380820D0A09E7BB84E59088E6A8A1E5BC8FEFBC9AE5BD93E99C80E8A681E5B086E5AFB9E8B1A1E7BB84E59088E68890E6A091E5BDA2E7BB93E69E84E69DA5E8A1A8E7A4BAE2809CE983A8E588862DE695B4E4BD93E2809DE5B182E6ACA1E585B3E7B3BBEFBC8CE58FAFE4BBA5E4BDBFE794A8E6ADA4E6A8A1E5BC8FE380820D0A09E8A385E9A5B0E88085E6A8A1E5BC8FEFBC9AE5BD93E99C80E8A681E58AA8E68081E7BB99E4B880E4B8AAE5AFB9E8B1A1E6B7BBE58AA0E4B880E4BA9BE9A29DE5A496E79A84E58A9FE883BDE697B6EFBC8CE58FAFE4BBA5E4BDBFE794A8E6ADA4E6A8A1E5BC8FE380820D0A09E5A496E8A782E6A8A1E5BC8FEFBC9AE5BD93E99C80E8A681E4B8BAE4B880E4B8AAE5A48DE69D82E79A84E5AD90E7B3BBE7BB9FE68F90E4BE9BE4B880E4B8AAE7AE80E58D95E79A84E68EA5E58FA3E697B6EFBC8CE58FAFE4BBA5E4BDBFE794A8E6ADA4E6A8A1E5BC8FE380820D0A09E4BAABE58583E6A8A1E5BC8FEFBC9AE5BD93E99C80E8A681E585B1E4BAABE5A4A7E9878FE79A84E7BB86E7B292E5BAA6E5AFB9E8B1A1E697B6E4BBA5E5878FE5B091E58685E5AD98E5BC80E99480E697B6EFBC8CE58FAFE4BBA5E4BDBFE794A8E6ADA4E6A8A1E5BC8FE380820D0A09E4BBA3E79086E6A8A1E5BC8FEFBC9AE5BD93E99C80E8A681E4BBA3E8A1A8E69F90E4B8AAE5AFB9E8B1A1E5AFB9E5A496E68F90E4BE9BE8AEBFE997AEE697B6EFBC8CE58FAFE4BBA5E4BDBFE794A8E6ADA4E6A8A1E5BC8FE380820D0A332EE8A18CE4B8BAE59E8BE6A8A1E5BC8F0D0A09E8818CE8B4A3E993BEE6A8A1E5BC8FEFBC9AE5BD93E99C80E8A681E8AEA9E5A49AE4B8AAE5AFB9E8B1A1E983BDE69C89E69CBAE4BC9AE5A484E79086E8AFB7E6B182E697B6EFBC8CE58FAFE4BBA5E4BDBFE794A8E6ADA4E6A8A1E5BC8FE380820D0A09E591BDE4BBA4E6A8A1E5BC8FEFBC9AE5BD93E683B3E8A681E5B086E8AFB7E6B182E4B88EE585B6E68EA5E694B6E88085E8A7A3E880A6E697B6EFBC8CE58FAFE4BBA5E4BDBFE794A8E6ADA4E6A8A1E5BC8FE380820D0A09E8A7A3E9878AE599A8E6A8A1E5BC8FEFBC9AE5BD93E99C80E8A681E8A7A3E9878AE8AFADE8A880E79A84E8AFADE6B395E68896E8A1A8E8BEBEE5BC8FE697B6EFBC8CE58FAFE4BBA5E4BDBFE794A8E6ADA4E6A8A1E5BC8FE380820D0A09E8BFADE4BBA3E599A8E6A8A1E5BC8FEFBC9AE5BD93E99C80E8A681E9818DE58E86E4B880E4B8AAE8819AE59088E5AFB9E8B1A1E4B8ADE79A84E68980E69C89E58583E7B4A0E697B6EFBC8CE58FAFE4BBA5E4BDBFE794A8E6ADA4E6A8A1E5BC8FE380820D0A09E4B8ADE4BB8BE88085E6A8A1E5BC8FEFBC9AE5BD93E99C80E8A681E5B086E5AFB9E8B1A1E4B98BE997B4E79A84E9809AE4BFA1E8A7A3E880A6E697B6EFBC8CE58FAFE4BBA5E4BDBFE794A8E6ADA4E6A8A1E5BC8FE380820D0A09E5A487E5BF98E5BD95E6A8A1E5BC8FEFBC9AE5BD93E99C80E8A681E4BF9DE5AD98E4B880E4B8AAE5AFB9E8B1A1E79A84E69F90E4B8AAE78AB6E68081EFBC8CE4BBA5E4BEBFE59CA8E4BBA5E5908EE58FAFE4BBA5E5B086E585B6E681A2E5A48DE588B0E58588E5898DE79A84E78AB6E68081E697B6EFBC8CE58FAFE4BBA5E4BDBFE794A8E6ADA4E6A8A1E5BC8FE380820D0A09E8A782E5AF9FE88085E6A8A1E5BC8FEFBC9AE5BD93E99C80E8A681E5AE9EE78EB0E5AFB9E8B1A1E4B98BE997B4E79A84E4B880E5AFB9E5A49AE4BE9DE8B596E585B3E7B3BBEFBC8CE4BBA5E4BEBFE5BD93E4B880E4B8AAE5AFB9E8B1A1E79A84E78AB6E68081E58F91E7949FE694B9E58F98E697B6EFBC8CE68980E69C89E4BE9DE8B596E4BA8EE5AE83E79A84E5AFB9E8B1A1E983BDE4BC9AE5BE97E588B0E9809AE79FA5E697B6EFBC8CE58FAFE4BBA5E4BDBFE794A8E6ADA4E6A8A1E5BC8FE380820D0A09E78AB6E68081E6A8A1E5BC8FEFBC9AE5BD93E99C80E8A681E8AEA9E4B880E4B8AAE5AFB9E8B1A1E59CA8E585B6E58685E983A8E78AB6E68081E694B9E58F98E697B6EFBC8CE694B9E58F98E5AE83E79A84E8A18CE4B8BAE697B6EFBC8CE58FAFE4BBA5E4BDBFE794A8E6ADA4E6A8A1E5BC8FE380820D0A09E7AD96E795A5E6A8A1E5BC8FEFBC9AE5BD93E99C80E8A681E59CA8E5A49AE4B8AAE7AE97E6B395E4B8ADE98089E68BA9E4B880E7A78DE697B6EFBC8CE58FAFE4BBA5E4BDBFE794A8E6ADA4E6A8A1E5BC8FE380820D0A09E6A8A1E69DBFE696B9E6B395E6A8A1E5BC8FEFBC9AE5BD93E99C80E8A681E59CA8E4B880E4B8AAE696B9E6B395E4B8ADE5AE9AE4B989E4B880E4B8AAE7AE97E6B395E79A84E9AAA8E69EB6EFBC8CE4BD86E698AFE58581E8AEB8E5AD90E7B1BBE4B8BAE4B880E4B8AAE68896E5A49AE4B8AAE6ADA5E9AAA4E68F90E4BE9BE5AE9EE78EB0E697B6EFBC8CE58FAFE4BBA5E4BDBFE794A8E6ADA4E6A8A1E5BC8FE380820D0A09E8AEBFE997AEE88085E6A8A1E5BC8FEFBC9AE5BD93E99C80E8A681E5AFB9E4B880E4B8AAE5AFB9E8B1A1E79A84E7BB93E69E84E8BF9BE8A18CE6938DE4BD9CEFBC8CE5908CE697B6E58F88E4B88DE5B88CE69C9BE59CA8E5AFB9E8B1A1E79A84E7B1BBE4B8ADE6B7BBE58AA0E696B0E79A84E6938DE4BD9CE697B6EFBC8CE58FAFE4BBA5E4BDBFE794A8E6ADA4E6A8A1E5BC8FE380820D0A090D0A646F636B65722072756E202D64205C0D0A2D7020333330383A33333038205C0D0A2D76202F617467756967752F6D7973716C2F6D61737465722F636F6E663A2F6574632F6D7973716C2F636F6E662E64205C0D0A2D76202F617467756967752F6D7973716C2F6D61737465722F646174613A2F7661722F6C69622F6D7973716C205C0D0A2D65204D5953514C5F524F4F545F50415353574F52443D726F6F74205C0D0A2D2D6E616D6520617467756967752D6D7973716C2D6D6173746572205C0D0A6D7973716C3A382E302E32390D0A, 'admin', '2024-07-01 10:58:45', '', NULL, NULL);
INSERT INTO `chat_knowledge` VALUES (26, 1, 119, 'who.txt', 0xE69D8EE58588E9948BE88081E5B888EFBC8CE5B09AE7A185E8B0B7E69C80E5B885E79A84E8AEB2E5B888EFBC8CE5908CE697B6E585BCE585B7E68A80E69CAFE5AE9EE58A9BEFBC8CE698AFE8BF84E4BB8AE4B8BAE6ADA2E69C80E58F97E5B9BFE5A4A7E5ADA6E7949FE5969CE788B1E79A84E8AEB2E5B888EFBC8CE6B2A1E69C89E4B98BE4B880E38082, 'admin', '2024-07-01 16:27:19', '', NULL, NULL);
INSERT INTO `chat_knowledge` VALUES (27, 1, 119, '常看.txt', 0x0D0A0D0AE5A682E69E9CE8999AE68B9FE69CBAE4B88EE789A9E79086E69CBAE697A0E6B395E993BEE68EA5EFBC8CE58FAFE4BBA5E6A380E69FA5E4BBA5E4B88BE587A0E9A1B9EFBC9A0D0A09312EE59CA8E789A9E79086E69CBAE79A84E69C8DE58AA1E58897E8A1A8E4B8ADE6A380E69FA5564D77617265E79BB8E585B3E69C8DE58AA1E698AFE590A6E6ADA3E5B8B8E8BF90E8A18C0D0A09322EE6A380E69FA5E789A9E79086E69CBAE698AFE590A6E69C89E4B8A4E5BCA0E7BD91E58DA1EFBC88E69CAAE8A2ABE7A681E794A8EFBC890D0A0909E5A682E69E9CE6B2A1E69C89E58899E59CA8564D57617265E8BDAFE4BBB6E79A8422E8999AE68B9FE7BD91E7BB9CE7BC96E8BE91E599A822E4B8ADE782B922E681A2E5A48DE9BB98E8AEA4E8AEBEE7BDAE22E380820D0A0909E4BD86E698AFE6B3A8E6848FEFBC9AE681A2E5A48DE9BB98E8AEA4E8AEBEE7BDAEE4BBA5E5908EE7BD91E6AEB5E580BCE4BC9AE58F98E58C96EFBC8C4C696E7578E4B8ADE79A844950E99C80E8A681E9878DE696B0E8AEBEE7BDAEE380820D0A09332EE6A380E69FA5E789A9E79086E69CBAE4B8ADE7BD91E58DA131E4B8ADE79A846970E5928CE8999AE68B9FE69CBAE79A846970E698AFE590A6E59CA8E4B880E4B8AAE7BD91E6AEB50D0A0909E5A682E69E9CE4B88DE59CA8E58899E4BFAEE694B9E8999AE68B9FE69CBAE79A846970E59CB0E59D80EFBC9A2F6574632F737973636F6E6669672F6E6574776F726B2D736372697074732FE79BAEE5BD95E4B88BE69C89E5AFB9E5BA94E79A84E7BD91E58DA1E69687E4BBB6EFBC88E4B880E888ACE698AF69666366672D656E733333EFBC890D0A0909E4BFAEE694B9E5A5BDE4B98BE5908EE9878DE590AFE7BD91E58DA1E69C8DE58AA1EFBC9A73797374656D63746C2072657374617274206E6574776F726B2E736572766963650D0A09342EE585B3E997ADE8999AE68B9FE69CBAE998B2E781ABE5A299EFBC9A0D0A090973797374656D63746C2064697361626C65206669726577616C6C642E736572766963650D0A090973797374656D63746C2073746F70206669726577616C6C642E736572766963650D0A090D0AE68A8AE7BD91E7BB9CE59CB0E59D80E8BDACE68DA2EFBC884E4154EFBC89E4B8ADE79A846970E59CB0E59D80E8AEBEE7BDAEE4B8BAE5928CE5AEBFE4B8BBE69CBAE5908CE4B880E4B8AA6970E6AEB5E79A846970E59CB0E59D80EFBC9F0D0A0D0A0D0AE7AB8BE58DB3E7A7BBE58AA8E588B0E9A1B5E5A4B4EFBC9A67670D0AE7A7BBE58AA8E588B0E9A1B5E5B0BEEFBC9A73686966742B670D0AE7A7BBE58AA8E588B0E5B18FE5B995E7ACACE4B880E8A18CE79A84E7ACACE4B880E4B8AAE5AD97E6AF8DEFBC9A480D0AE7A7BBE58AA8E588B0E5B18FE5B995E4B8ADE997B4E8A18CE79A84E7ACACE4B880E4B8AAE5AD97E6AF8DEFBC9A4D0D0A0D0AE588A0E999A4E5BD93E5898DE8A18CEFBC9A64640D0AE4BB8EE5BD93E5898DE8A18CE5BC80E5A78BE588A0E999A46EE8A18CEFBC9A6E64640D0AE4BB8EE5BD93E5898DE8A18CE588A0E999A4E588B0E69C80E5908EE4B880E8A18CEFBC9A64470D0A0D0AE5A48DE588B6E5BD93E5898DE8A18CEFBC9A79790D0AE5A48DE588B66EE8A18CEFBC9A796E790D0AE7B298E8B4B4E588B0E4B88BE4B880E8A18CEFBC9A700D0A0D0AE698BEE7A4BAE8A18CE58FB7203A736574206E750D0AE99A90E8978FE8A18CE58FB7203A736574206E6F6E750D0A0D0AE69FA5E689BEE696B9E5BC8F31202FE8A2ABE69FA5E689BEE8AF8D200D0A6EEFBC9AE4B88BE4B880E4B8AA0D0A73686966742B6EEFBC9AE4B88AE4B880E4B8AA0D0AE69FA5E689BEE696B9E5BC8F32203FE8A2ABE69FA5E689BEE8AF8D0D0A6EEFBC9AE4B88AE4B880E4B8AA0D0A73686966742B6EEFBC9AE4B88BE4B880E4B8AA0D0A0D0A4120EFBC9AE59CA8E58589E6A087E68980E59CA8E8A18CE79A84E8A18CE69CABE68F92E585A5E5AD97E7ACA60D0A6F20EFBC9AE59CA8E58589E6A087E68980E59CA8E8A18CE4B88BE68F92E585A5E696B0E79A84E4B880E8A18C0D0A, 'admin', '2024-07-01 16:27:27', '', NULL, NULL);

-- ----------------------------
-- Table structure for chat_project
-- ----------------------------
DROP TABLE IF EXISTS `chat_project`;
CREATE TABLE `chat_project`  (
  `project_id` int NOT NULL AUTO_INCREMENT COMMENT '项目主键',
  `project_name` varchar(100) CHARACTER SET utf8mb4 COLLATE utf8mb4_0900_ai_ci NULL DEFAULT '' COMMENT '项目名称',
  `type` varchar(50) CHARACTER SET utf8mb4 COLLATE utf8mb4_0900_ai_ci NULL DEFAULT NULL COMMENT '模型类型：ollama、openai',
  `model` varchar(50) CHARACTER SET utf8mb4 COLLATE utf8mb4_0900_ai_ci NULL DEFAULT NULL COMMENT '具体模型：qwen2:7B、gpt-3.5-turbo',
  `create_by` varchar(64) CHARACTER SET utf8mb4 COLLATE utf8mb4_0900_ai_ci NULL DEFAULT '' COMMENT '创建者',
  `create_time` datetime NULL DEFAULT NULL COMMENT '创建时间',
  `update_by` varchar(64) CHARACTER SET utf8mb4 COLLATE utf8mb4_0900_ai_ci NULL DEFAULT '' COMMENT '更新者',
  `update_time` datetime NULL DEFAULT NULL COMMENT '更新时间',
  `remark` varchar(500) CHARACTER SET utf8mb4 COLLATE utf8mb4_0900_ai_ci NULL DEFAULT NULL COMMENT '备注',
  PRIMARY KEY (`project_id`) USING BTREE
) ENGINE = InnoDB AUTO_INCREMENT = 120 CHARACTER SET = utf8mb4 COLLATE = utf8mb4_0900_ai_ci COMMENT = '项目配置表' ROW_FORMAT = Dynamic;

-- ----------------------------
-- Records of chat_project
-- ----------------------------
INSERT INTO `chat_project` VALUES (114, '小谷同学', 'ollama', 'qwen2.5:7b', '', '2024-06-28 14:35:05', '', NULL, NULL);
INSERT INTO `chat_project` VALUES (117, '谷粒商城', 'ollama', 'qwen2.5:7b', '', '2024-07-01 10:50:25', '', NULL, NULL);
INSERT INTO `chat_project` VALUES (118, '谷粒随享', 'openai', 'gpt-3.5-turbo', '', '2024-07-01 10:50:50', '', NULL, NULL);
INSERT INTO `chat_project` VALUES (119, '在线教育', 'openai', 'gpt-3.5-turbo', '', '2024-07-01 16:27:02', '', NULL, NULL);

-- ----------------------------
-- Table structure for gen_table
-- ----------------------------
DROP TABLE IF EXISTS `gen_table`;
CREATE TABLE `gen_table`  (
  `table_id` bigint NOT NULL AUTO_INCREMENT COMMENT '编号',
  `table_name` varchar(200) CHARACTER SET utf8mb4 COLLATE utf8mb4_0900_ai_ci NULL DEFAULT '' COMMENT '表名称',
  `table_comment` varchar(500) CHARACTER SET utf8mb4 COLLATE utf8mb4_0900_ai_ci NULL DEFAULT '' COMMENT '表描述',
  `sub_table_name` varchar(64) CHARACTER SET utf8mb4 COLLATE utf8mb4_0900_ai_ci NULL DEFAULT NULL COMMENT '关联子表的表名',
  `sub_table_fk_name` varchar(64) CHARACTER SET utf8mb4 COLLATE utf8mb4_0900_ai_ci NULL DEFAULT NULL COMMENT '子表关联的外键名',
  `class_name` varchar(100) CHARACTER SET utf8mb4 COLLATE utf8mb4_0900_ai_ci NULL DEFAULT '' COMMENT '实体类名称',
  `tpl_category` varchar(200) CHARACTER SET utf8mb4 COLLATE utf8mb4_0900_ai_ci NULL DEFAULT 'crud' COMMENT '使用的模板（crud单表操作 tree树表操作）',
  `tpl_web_type` varchar(30) CHARACTER SET utf8mb4 COLLATE utf8mb4_0900_ai_ci NULL DEFAULT '' COMMENT '前端模板类型（element-ui模版 element-plus模版）',
  `package_name` varchar(100) CHARACTER SET utf8mb4 COLLATE utf8mb4_0900_ai_ci NULL DEFAULT NULL COMMENT '生成包路径',
  `module_name` varchar(30) CHARACTER SET utf8mb4 COLLATE utf8mb4_0900_ai_ci NULL DEFAULT NULL COMMENT '生成模块名',
  `business_name` varchar(30) CHARACTER SET utf8mb4 COLLATE utf8mb4_0900_ai_ci NULL DEFAULT NULL COMMENT '生成业务名',
  `function_name` varchar(50) CHARACTER SET utf8mb4 COLLATE utf8mb4_0900_ai_ci NULL DEFAULT NULL COMMENT '生成功能名',
  `function_author` varchar(50) CHARACTER SET utf8mb4 COLLATE utf8mb4_0900_ai_ci NULL DEFAULT NULL COMMENT '生成功能作者',
  `gen_type` char(1) CHARACTER SET utf8mb4 COLLATE utf8mb4_0900_ai_ci NULL DEFAULT '0' COMMENT '生成代码方式（0zip压缩包 1自定义路径）',
  `gen_path` varchar(200) CHARACTER SET utf8mb4 COLLATE utf8mb4_0900_ai_ci NULL DEFAULT '/' COMMENT '生成路径（不填默认项目路径）',
  `options` varchar(1000) CHARACTER SET utf8mb4 COLLATE utf8mb4_0900_ai_ci NULL DEFAULT NULL COMMENT '其它生成选项',
  `create_by` varchar(64) CHARACTER SET utf8mb4 COLLATE utf8mb4_0900_ai_ci NULL DEFAULT '' COMMENT '创建者',
  `create_time` datetime NULL DEFAULT NULL COMMENT '创建时间',
  `update_by` varchar(64) CHARACTER SET utf8mb4 COLLATE utf8mb4_0900_ai_ci NULL DEFAULT '' COMMENT '更新者',
  `update_time` datetime NULL DEFAULT NULL COMMENT '更新时间',
  `remark` varchar(500) CHARACTER SET utf8mb4 COLLATE utf8mb4_0900_ai_ci NULL DEFAULT NULL COMMENT '备注',
  PRIMARY KEY (`table_id`) USING BTREE
) ENGINE = InnoDB AUTO_INCREMENT = 4 CHARACTER SET = utf8mb4 COLLATE = utf8mb4_0900_ai_ci COMMENT = '代码生成业务表' ROW_FORMAT = Dynamic;

-- ----------------------------
-- Records of gen_table
-- ----------------------------
INSERT INTO `gen_table` VALUES (3, 'chat_knowledge', '知识库管理', NULL, NULL, 'ChatKnowledge', 'crud', '', 'com.atguigu.chat', 'chat', 'knowledge', '知识库管理', 'lixianfeng', '0', '/', NULL, 'admin', '2024-06-27 10:24:38', '', NULL, NULL);
INSERT INTO `gen_table` VALUES (4, 'chat_project', '项目配置表', NULL, NULL, 'ChatProject', 'crud', '', 'com.atguigu.chat', 'chat', 'project', '项目配置', 'lixianfeng', '0', '/', NULL, 'admin', '2024-06-27 10:24:38', '', NULL, NULL);

-- ----------------------------
-- Table structure for gen_table_column
-- ----------------------------
DROP TABLE IF EXISTS `gen_table_column`;
CREATE TABLE `gen_table_column`  (
  `column_id` bigint NOT NULL AUTO_INCREMENT COMMENT '编号',
  `table_id` bigint NULL DEFAULT NULL COMMENT '归属表编号',
  `column_name` varchar(200) CHARACTER SET utf8mb4 COLLATE utf8mb4_0900_ai_ci NULL DEFAULT NULL COMMENT '列名称',
  `column_comment` varchar(500) CHARACTER SET utf8mb4 COLLATE utf8mb4_0900_ai_ci NULL DEFAULT NULL COMMENT '列描述',
  `column_type` varchar(100) CHARACTER SET utf8mb4 COLLATE utf8mb4_0900_ai_ci NULL DEFAULT NULL COMMENT '列类型',
  `java_type` varchar(500) CHARACTER SET utf8mb4 COLLATE utf8mb4_0900_ai_ci NULL DEFAULT NULL COMMENT 'JAVA类型',
  `java_field` varchar(200) CHARACTER SET utf8mb4 COLLATE utf8mb4_0900_ai_ci NULL DEFAULT NULL COMMENT 'JAVA字段名',
  `is_pk` char(1) CHARACTER SET utf8mb4 COLLATE utf8mb4_0900_ai_ci NULL DEFAULT NULL COMMENT '是否主键（1是）',
  `is_increment` char(1) CHARACTER SET utf8mb4 COLLATE utf8mb4_0900_ai_ci NULL DEFAULT NULL COMMENT '是否自增（1是）',
  `is_required` char(1) CHARACTER SET utf8mb4 COLLATE utf8mb4_0900_ai_ci NULL DEFAULT NULL COMMENT '是否必填（1是）',
  `is_insert` char(1) CHARACTER SET utf8mb4 COLLATE utf8mb4_0900_ai_ci NULL DEFAULT NULL COMMENT '是否为插入字段（1是）',
  `is_edit` char(1) CHARACTER SET utf8mb4 COLLATE utf8mb4_0900_ai_ci NULL DEFAULT NULL COMMENT '是否编辑字段（1是）',
  `is_list` char(1) CHARACTER SET utf8mb4 COLLATE utf8mb4_0900_ai_ci NULL DEFAULT NULL COMMENT '是否列表字段（1是）',
  `is_query` char(1) CHARACTER SET utf8mb4 COLLATE utf8mb4_0900_ai_ci NULL DEFAULT NULL COMMENT '是否查询字段（1是）',
  `query_type` varchar(200) CHARACTER SET utf8mb4 COLLATE utf8mb4_0900_ai_ci NULL DEFAULT 'EQ' COMMENT '查询方式（等于、不等于、大于、小于、范围）',
  `html_type` varchar(200) CHARACTER SET utf8mb4 COLLATE utf8mb4_0900_ai_ci NULL DEFAULT NULL COMMENT '显示类型（文本框、文本域、下拉框、复选框、单选框、日期控件）',
  `dict_type` varchar(200) CHARACTER SET utf8mb4 COLLATE utf8mb4_0900_ai_ci NULL DEFAULT '' COMMENT '字典类型',
  `sort` int NULL DEFAULT NULL COMMENT '排序',
  `create_by` varchar(64) CHARACTER SET utf8mb4 COLLATE utf8mb4_0900_ai_ci NULL DEFAULT '' COMMENT '创建者',
  `create_time` datetime NULL DEFAULT NULL COMMENT '创建时间',
  `update_by` varchar(64) CHARACTER SET utf8mb4 COLLATE utf8mb4_0900_ai_ci NULL DEFAULT '' COMMENT '更新者',
  `update_time` datetime NULL DEFAULT NULL COMMENT '更新时间',
  PRIMARY KEY (`column_id`) USING BTREE
) ENGINE = InnoDB AUTO_INCREMENT = 37 CHARACTER SET = utf8mb4 COLLATE = utf8mb4_0900_ai_ci COMMENT = '代码生成业务表字段' ROW_FORMAT = Dynamic;

-- ----------------------------
-- Records of gen_table_column
-- ----------------------------
INSERT INTO `gen_table_column` VALUES (19, 3, 'knowledge_id', NULL, 'int', 'Long', 'knowledgeId', '1', '1', '0', '1', NULL, NULL, NULL, 'EQ', 'input', '', 1, 'admin', '2024-06-27 10:24:38', '', NULL);
INSERT INTO `gen_table_column` VALUES (20, 3, 'user_id', '用户id', 'int', 'Long', 'userId', '0', '0', '0', '1', '1', '1', '1', 'EQ', 'input', '', 2, 'admin', '2024-06-27 10:24:38', '', NULL);
INSERT INTO `gen_table_column` VALUES (21, 3, 'project_id', '项目id', 'int', 'Long', 'projectId', '0', '0', '0', '1', '1', '1', '1', 'EQ', 'input', '', 3, 'admin', '2024-06-27 10:24:38', '', NULL);
INSERT INTO `gen_table_column` VALUES (22, 3, 'file_name', '文件名', 'varchar(255)', 'String', 'fileName', '0', '0', '1', '1', '1', '1', '1', 'LIKE', 'input', '', 4, 'admin', '2024-06-27 10:24:38', '', NULL);
INSERT INTO `gen_table_column` VALUES (23, 3, 'content', '文件内容', 'blob', 'String', 'content', '0', '0', '0', '1', '1', '1', '1', 'EQ', 'editor', '', 5, 'admin', '2024-06-27 10:24:38', '', NULL);
INSERT INTO `gen_table_column` VALUES (24, 3, 'create_by', '创建者', 'varchar(64)', 'String', 'createBy', '0', '0', '0', '1', NULL, NULL, NULL, 'EQ', 'input', '', 6, 'admin', '2024-06-27 10:24:38', '', NULL);
INSERT INTO `gen_table_column` VALUES (25, 3, 'create_time', '创建时间', 'datetime', 'Date', 'createTime', '0', '0', '0', '1', NULL, NULL, NULL, 'EQ', 'datetime', '', 7, 'admin', '2024-06-27 10:24:38', '', NULL);
INSERT INTO `gen_table_column` VALUES (26, 3, 'update_by', '更新者', 'varchar(64)', 'String', 'updateBy', '0', '0', '0', '1', '1', NULL, NULL, 'EQ', 'input', '', 8, 'admin', '2024-06-27 10:24:38', '', NULL);
INSERT INTO `gen_table_column` VALUES (27, 3, 'update_time', '更新时间', 'datetime', 'Date', 'updateTime', '0', '0', '0', '1', '1', NULL, NULL, 'EQ', 'datetime', '', 9, 'admin', '2024-06-27 10:24:38', '', NULL);
INSERT INTO `gen_table_column` VALUES (28, 3, 'remark', '备注', 'varchar(500)', 'String', 'remark', '0', '0', '0', '1', '1', '1', NULL, 'EQ', 'textarea', '', 10, 'admin', '2024-06-27 10:24:38', '', NULL);
INSERT INTO `gen_table_column` VALUES (29, 4, 'project_id', '项目主键', 'int', 'Long', 'projectId', '1', '1', '0', '1', NULL, NULL, NULL, 'EQ', 'input', '', 1, 'admin', '2024-06-27 10:24:38', '', NULL);
INSERT INTO `gen_table_column` VALUES (30, 4, 'project_name', '项目名称', 'varchar(100)', 'String', 'projectName', '0', '0', '0', '1', '1', '1', '1', 'LIKE', 'input', '', 2, 'admin', '2024-06-27 10:24:38', '', NULL);
INSERT INTO `gen_table_column` VALUES (31, 4, 'type', '模型类型：ollama、openai', 'varchar(50)', 'String', 'type', '0', '0', '0', '1', '1', '1', '1', 'EQ', 'select', '', 3, 'admin', '2024-06-27 10:24:38', '', NULL);
INSERT INTO `gen_table_column` VALUES (32, 4, 'model', '具体模型：qwen2:7B、gpt-3.5-turbo', 'varchar(50)', 'String', 'model', '0', '0', '0', '1', '1', '1', '1', 'EQ', 'input', '', 4, 'admin', '2024-06-27 10:24:38', '', NULL);
INSERT INTO `gen_table_column` VALUES (33, 4, 'create_by', '创建者', 'varchar(64)', 'String', 'createBy', '0', '0', '0', '1', NULL, NULL, NULL, 'EQ', 'input', '', 5, 'admin', '2024-06-27 10:24:38', '', NULL);
INSERT INTO `gen_table_column` VALUES (34, 4, 'create_time', '创建时间', 'datetime', 'Date', 'createTime', '0', '0', '0', '1', NULL, NULL, NULL, 'EQ', 'datetime', '', 6, 'admin', '2024-06-27 10:24:38', '', NULL);
INSERT INTO `gen_table_column` VALUES (35, 4, 'update_by', '更新者', 'varchar(64)', 'String', 'updateBy', '0', '0', '0', '1', '1', NULL, NULL, 'EQ', 'input', '', 7, 'admin', '2024-06-27 10:24:38', '', NULL);
INSERT INTO `gen_table_column` VALUES (36, 4, 'update_time', '更新时间', 'datetime', 'Date', 'updateTime', '0', '0', '0', '1', '1', NULL, NULL, 'EQ', 'datetime', '', 8, 'admin', '2024-06-27 10:24:38', '', NULL);
INSERT INTO `gen_table_column` VALUES (37, 4, 'remark', '备注', 'varchar(500)', 'String', 'remark', '0', '0', '0', '1', '1', '1', NULL, 'EQ', 'textarea', '', 9, 'admin', '2024-06-27 10:24:38', '', NULL);

-- ----------------------------
-- Table structure for sys_config
-- ----------------------------
DROP TABLE IF EXISTS `sys_config`;
CREATE TABLE `sys_config`  (
  `config_id` int NOT NULL AUTO_INCREMENT COMMENT '参数主键',
  `config_name` varchar(100) CHARACTER SET utf8mb4 COLLATE utf8mb4_0900_ai_ci NULL DEFAULT '' COMMENT '参数名称',
  `config_key` varchar(100) CHARACTER SET utf8mb4 COLLATE utf8mb4_0900_ai_ci NULL DEFAULT '' COMMENT '参数键名',
  `config_value` varchar(500) CHARACTER SET utf8mb4 COLLATE utf8mb4_0900_ai_ci NULL DEFAULT '' COMMENT '参数键值',
  `config_type` char(1) CHARACTER SET utf8mb4 COLLATE utf8mb4_0900_ai_ci NULL DEFAULT 'N' COMMENT '系统内置（Y是 N否）',
  `create_by` varchar(64) CHARACTER SET utf8mb4 COLLATE utf8mb4_0900_ai_ci NULL DEFAULT '' COMMENT '创建者',
  `create_time` datetime NULL DEFAULT NULL COMMENT '创建时间',
  `update_by` varchar(64) CHARACTER SET utf8mb4 COLLATE utf8mb4_0900_ai_ci NULL DEFAULT '' COMMENT '更新者',
  `update_time` datetime NULL DEFAULT NULL COMMENT '更新时间',
  `remark` varchar(500) CHARACTER SET utf8mb4 COLLATE utf8mb4_0900_ai_ci NULL DEFAULT NULL COMMENT '备注',
  PRIMARY KEY (`config_id`) USING BTREE
) ENGINE = InnoDB AUTO_INCREMENT = 100 CHARACTER SET = utf8mb4 COLLATE = utf8mb4_0900_ai_ci COMMENT = '参数配置表' ROW_FORMAT = Dynamic;

-- ----------------------------
-- Records of sys_config
-- ----------------------------
INSERT INTO `sys_config` VALUES (1, '主框架页-默认皮肤样式名称', 'sys.index.skinName', 'skin-blue', 'Y', 'admin', '2024-06-26 08:47:33', '', NULL, '蓝色 skin-blue、绿色 skin-green、紫色 skin-purple、红色 skin-red、黄色 skin-yellow');
INSERT INTO `sys_config` VALUES (2, '用户管理-账号初始密码', 'sys.user.initPassword', '123456', 'Y', 'admin', '2024-06-26 08:47:33', '', NULL, '初始化密码 123456');
INSERT INTO `sys_config` VALUES (3, '主框架页-侧边栏主题', 'sys.index.sideTheme', 'theme-dark', 'Y', 'admin', '2024-06-26 08:47:33', '', NULL, '深色主题theme-dark，浅色主题theme-light');
INSERT INTO `sys_config` VALUES (4, '账号自助-验证码开关', 'sys.account.captchaEnabled', 'true', 'Y', 'admin', '2024-06-26 08:47:33', '', NULL, '是否开启验证码功能（true开启，false关闭）');
INSERT INTO `sys_config` VALUES (5, '账号自助-是否开启用户注册功能', 'sys.account.registerUser', 'false', 'Y', 'admin', '2024-06-26 08:47:33', '', NULL, '是否开启注册用户功能（true开启，false关闭）');
INSERT INTO `sys_config` VALUES (6, '用户登录-黑名单列表', 'sys.login.blackIPList', '', 'Y', 'admin', '2024-06-26 08:47:33', '', NULL, '设置登录IP黑名单限制，多个匹配项以;分隔，支持匹配（*通配、网段）');

-- ----------------------------
-- Table structure for sys_dept
-- ----------------------------
DROP TABLE IF EXISTS `sys_dept`;
CREATE TABLE `sys_dept`  (
  `dept_id` bigint NOT NULL AUTO_INCREMENT COMMENT '部门id',
  `parent_id` bigint NULL DEFAULT 0 COMMENT '父部门id',
  `ancestors` varchar(50) CHARACTER SET utf8mb4 COLLATE utf8mb4_0900_ai_ci NULL DEFAULT '' COMMENT '祖级列表',
  `dept_name` varchar(30) CHARACTER SET utf8mb4 COLLATE utf8mb4_0900_ai_ci NULL DEFAULT '' COMMENT '部门名称',
  `order_num` int NULL DEFAULT 0 COMMENT '显示顺序',
  `leader` varchar(20) CHARACTER SET utf8mb4 COLLATE utf8mb4_0900_ai_ci NULL DEFAULT NULL COMMENT '负责人',
  `phone` varchar(11) CHARACTER SET utf8mb4 COLLATE utf8mb4_0900_ai_ci NULL DEFAULT NULL COMMENT '联系电话',
  `email` varchar(50) CHARACTER SET utf8mb4 COLLATE utf8mb4_0900_ai_ci NULL DEFAULT NULL COMMENT '邮箱',
  `status` char(1) CHARACTER SET utf8mb4 COLLATE utf8mb4_0900_ai_ci NULL DEFAULT '0' COMMENT '部门状态（0正常 1停用）',
  `del_flag` char(1) CHARACTER SET utf8mb4 COLLATE utf8mb4_0900_ai_ci NULL DEFAULT '0' COMMENT '删除标志（0代表存在 2代表删除）',
  `create_by` varchar(64) CHARACTER SET utf8mb4 COLLATE utf8mb4_0900_ai_ci NULL DEFAULT '' COMMENT '创建者',
  `create_time` datetime NULL DEFAULT NULL COMMENT '创建时间',
  `update_by` varchar(64) CHARACTER SET utf8mb4 COLLATE utf8mb4_0900_ai_ci NULL DEFAULT '' COMMENT '更新者',
  `update_time` datetime NULL DEFAULT NULL COMMENT '更新时间',
  PRIMARY KEY (`dept_id`) USING BTREE
) ENGINE = InnoDB AUTO_INCREMENT = 200 CHARACTER SET = utf8mb4 COLLATE = utf8mb4_0900_ai_ci COMMENT = '部门表' ROW_FORMAT = Dynamic;

-- ----------------------------
-- Records of sys_dept
-- ----------------------------
INSERT INTO `sys_dept` VALUES (100, 0, '0', '若依科技', 0, '若依', '15888888888', 'ry@qq.com', '0', '0', 'admin', '2024-06-26 08:47:33', '', NULL);
INSERT INTO `sys_dept` VALUES (101, 100, '0,100', '深圳总公司', 1, '若依', '15888888888', 'ry@qq.com', '0', '0', 'admin', '2024-06-26 08:47:33', '', NULL);
INSERT INTO `sys_dept` VALUES (102, 100, '0,100', '长沙分公司', 2, '若依', '15888888888', 'ry@qq.com', '0', '0', 'admin', '2024-06-26 08:47:33', '', NULL);
INSERT INTO `sys_dept` VALUES (103, 101, '0,100,101', '研发部门', 1, '若依', '15888888888', 'ry@qq.com', '0', '0', 'admin', '2024-06-26 08:47:33', '', NULL);
INSERT INTO `sys_dept` VALUES (104, 101, '0,100,101', '市场部门', 2, '若依', '15888888888', 'ry@qq.com', '0', '0', 'admin', '2024-06-26 08:47:33', '', NULL);
INSERT INTO `sys_dept` VALUES (105, 101, '0,100,101', '测试部门', 3, '若依', '15888888888', 'ry@qq.com', '0', '0', 'admin', '2024-06-26 08:47:33', '', NULL);
INSERT INTO `sys_dept` VALUES (106, 101, '0,100,101', '财务部门', 4, '若依', '15888888888', 'ry@qq.com', '0', '0', 'admin', '2024-06-26 08:47:33', '', NULL);
INSERT INTO `sys_dept` VALUES (107, 101, '0,100,101', '运维部门', 5, '若依', '15888888888', 'ry@qq.com', '0', '0', 'admin', '2024-06-26 08:47:33', '', NULL);
INSERT INTO `sys_dept` VALUES (108, 102, '0,100,102', '市场部门', 1, '若依', '15888888888', 'ry@qq.com', '0', '0', 'admin', '2024-06-26 08:47:33', '', NULL);
INSERT INTO `sys_dept` VALUES (109, 102, '0,100,102', '财务部门', 2, '若依', '15888888888', 'ry@qq.com', '0', '0', 'admin', '2024-06-26 08:47:33', '', NULL);

-- ----------------------------
-- Table structure for sys_dict_data
-- ----------------------------
DROP TABLE IF EXISTS `sys_dict_data`;
CREATE TABLE `sys_dict_data`  (
  `dict_code` bigint NOT NULL AUTO_INCREMENT COMMENT '字典编码',
  `dict_sort` int NULL DEFAULT 0 COMMENT '字典排序',
  `dict_label` varchar(100) CHARACTER SET utf8mb4 COLLATE utf8mb4_0900_ai_ci NULL DEFAULT '' COMMENT '字典标签',
  `dict_value` varchar(100) CHARACTER SET utf8mb4 COLLATE utf8mb4_0900_ai_ci NULL DEFAULT '' COMMENT '字典键值',
  `dict_type` varchar(100) CHARACTER SET utf8mb4 COLLATE utf8mb4_0900_ai_ci NULL DEFAULT '' COMMENT '字典类型',
  `css_class` varchar(100) CHARACTER SET utf8mb4 COLLATE utf8mb4_0900_ai_ci NULL DEFAULT NULL COMMENT '样式属性（其他样式扩展）',
  `list_class` varchar(100) CHARACTER SET utf8mb4 COLLATE utf8mb4_0900_ai_ci NULL DEFAULT NULL COMMENT '表格回显样式',
  `is_default` char(1) CHARACTER SET utf8mb4 COLLATE utf8mb4_0900_ai_ci NULL DEFAULT 'N' COMMENT '是否默认（Y是 N否）',
  `status` char(1) CHARACTER SET utf8mb4 COLLATE utf8mb4_0900_ai_ci NULL DEFAULT '0' COMMENT '状态（0正常 1停用）',
  `create_by` varchar(64) CHARACTER SET utf8mb4 COLLATE utf8mb4_0900_ai_ci NULL DEFAULT '' COMMENT '创建者',
  `create_time` datetime NULL DEFAULT NULL COMMENT '创建时间',
  `update_by` varchar(64) CHARACTER SET utf8mb4 COLLATE utf8mb4_0900_ai_ci NULL DEFAULT '' COMMENT '更新者',
  `update_time` datetime NULL DEFAULT NULL COMMENT '更新时间',
  `remark` varchar(500) CHARACTER SET utf8mb4 COLLATE utf8mb4_0900_ai_ci NULL DEFAULT NULL COMMENT '备注',
  PRIMARY KEY (`dict_code`) USING BTREE
) ENGINE = InnoDB AUTO_INCREMENT = 100 CHARACTER SET = utf8mb4 COLLATE = utf8mb4_0900_ai_ci COMMENT = '字典数据表' ROW_FORMAT = Dynamic;

-- ----------------------------
-- Records of sys_dict_data
-- ----------------------------
INSERT INTO `sys_dict_data` VALUES (1, 1, '男', '0', 'sys_user_sex', '', '', 'Y', '0', 'admin', '2024-06-26 08:47:33', '', NULL, '性别男');
INSERT INTO `sys_dict_data` VALUES (2, 2, '女', '1', 'sys_user_sex', '', '', 'N', '0', 'admin', '2024-06-26 08:47:33', '', NULL, '性别女');
INSERT INTO `sys_dict_data` VALUES (3, 3, '未知', '2', 'sys_user_sex', '', '', 'N', '0', 'admin', '2024-06-26 08:47:33', '', NULL, '性别未知');
INSERT INTO `sys_dict_data` VALUES (4, 1, '显示', '0', 'sys_show_hide', '', 'primary', 'Y', '0', 'admin', '2024-06-26 08:47:33', '', NULL, '显示菜单');
INSERT INTO `sys_dict_data` VALUES (5, 2, '隐藏', '1', 'sys_show_hide', '', 'danger', 'N', '0', 'admin', '2024-06-26 08:47:33', '', NULL, '隐藏菜单');
INSERT INTO `sys_dict_data` VALUES (6, 1, '正常', '0', 'sys_normal_disable', '', 'primary', 'Y', '0', 'admin', '2024-06-26 08:47:33', '', NULL, '正常状态');
INSERT INTO `sys_dict_data` VALUES (7, 2, '停用', '1', 'sys_normal_disable', '', 'danger', 'N', '0', 'admin', '2024-06-26 08:47:33', '', NULL, '停用状态');
INSERT INTO `sys_dict_data` VALUES (8, 1, '正常', '0', 'sys_job_status', '', 'primary', 'Y', '0', 'admin', '2024-06-26 08:47:33', '', NULL, '正常状态');
INSERT INTO `sys_dict_data` VALUES (9, 2, '暂停', '1', 'sys_job_status', '', 'danger', 'N', '0', 'admin', '2024-06-26 08:47:33', '', NULL, '停用状态');
INSERT INTO `sys_dict_data` VALUES (10, 1, '默认', 'DEFAULT', 'sys_job_group', '', '', 'Y', '0', 'admin', '2024-06-26 08:47:33', '', NULL, '默认分组');
INSERT INTO `sys_dict_data` VALUES (11, 2, '系统', 'SYSTEM', 'sys_job_group', '', '', 'N', '0', 'admin', '2024-06-26 08:47:33', '', NULL, '系统分组');
INSERT INTO `sys_dict_data` VALUES (12, 1, '是', 'Y', 'sys_yes_no', '', 'primary', 'Y', '0', 'admin', '2024-06-26 08:47:33', '', NULL, '系统默认是');
INSERT INTO `sys_dict_data` VALUES (13, 2, '否', 'N', 'sys_yes_no', '', 'danger', 'N', '0', 'admin', '2024-06-26 08:47:33', '', NULL, '系统默认否');
INSERT INTO `sys_dict_data` VALUES (14, 1, '通知', '1', 'sys_notice_type', '', 'warning', 'Y', '0', 'admin', '2024-06-26 08:47:33', '', NULL, '通知');
INSERT INTO `sys_dict_data` VALUES (15, 2, '公告', '2', 'sys_notice_type', '', 'success', 'N', '0', 'admin', '2024-06-26 08:47:33', '', NULL, '公告');
INSERT INTO `sys_dict_data` VALUES (16, 1, '正常', '0', 'sys_notice_status', '', 'primary', 'Y', '0', 'admin', '2024-06-26 08:47:33', '', NULL, '正常状态');
INSERT INTO `sys_dict_data` VALUES (17, 2, '关闭', '1', 'sys_notice_status', '', 'danger', 'N', '0', 'admin', '2024-06-26 08:47:33', '', NULL, '关闭状态');
INSERT INTO `sys_dict_data` VALUES (18, 99, '其他', '0', 'sys_oper_type', '', 'info', 'N', '0', 'admin', '2024-06-26 08:47:33', '', NULL, '其他操作');
INSERT INTO `sys_dict_data` VALUES (19, 1, '新增', '1', 'sys_oper_type', '', 'info', 'N', '0', 'admin', '2024-06-26 08:47:33', '', NULL, '新增操作');
INSERT INTO `sys_dict_data` VALUES (20, 2, '修改', '2', 'sys_oper_type', '', 'info', 'N', '0', 'admin', '2024-06-26 08:47:33', '', NULL, '修改操作');
INSERT INTO `sys_dict_data` VALUES (21, 3, '删除', '3', 'sys_oper_type', '', 'danger', 'N', '0', 'admin', '2024-06-26 08:47:33', '', NULL, '删除操作');
INSERT INTO `sys_dict_data` VALUES (22, 4, '授权', '4', 'sys_oper_type', '', 'primary', 'N', '0', 'admin', '2024-06-26 08:47:33', '', NULL, '授权操作');
INSERT INTO `sys_dict_data` VALUES (23, 5, '导出', '5', 'sys_oper_type', '', 'warning', 'N', '0', 'admin', '2024-06-26 08:47:33', '', NULL, '导出操作');
INSERT INTO `sys_dict_data` VALUES (24, 6, '导入', '6', 'sys_oper_type', '', 'warning', 'N', '0', 'admin', '2024-06-26 08:47:33', '', NULL, '导入操作');
INSERT INTO `sys_dict_data` VALUES (25, 7, '强退', '7', 'sys_oper_type', '', 'danger', 'N', '0', 'admin', '2024-06-26 08:47:33', '', NULL, '强退操作');
INSERT INTO `sys_dict_data` VALUES (26, 8, '生成代码', '8', 'sys_oper_type', '', 'warning', 'N', '0', 'admin', '2024-06-26 08:47:33', '', NULL, '生成操作');
INSERT INTO `sys_dict_data` VALUES (27, 9, '清空数据', '9', 'sys_oper_type', '', 'danger', 'N', '0', 'admin', '2024-06-26 08:47:33', '', NULL, '清空操作');
INSERT INTO `sys_dict_data` VALUES (28, 1, '成功', '0', 'sys_common_status', '', 'primary', 'N', '0', 'admin', '2024-06-26 08:47:33', '', NULL, '正常状态');
INSERT INTO `sys_dict_data` VALUES (29, 2, '失败', '1', 'sys_common_status', '', 'danger', 'N', '0', 'admin', '2024-06-26 08:47:33', '', NULL, '停用状态');

-- ----------------------------
-- Table structure for sys_dict_type
-- ----------------------------
DROP TABLE IF EXISTS `sys_dict_type`;
CREATE TABLE `sys_dict_type`  (
  `dict_id` bigint NOT NULL AUTO_INCREMENT COMMENT '字典主键',
  `dict_name` varchar(100) CHARACTER SET utf8mb4 COLLATE utf8mb4_0900_ai_ci NULL DEFAULT '' COMMENT '字典名称',
  `dict_type` varchar(100) CHARACTER SET utf8mb4 COLLATE utf8mb4_0900_ai_ci NULL DEFAULT '' COMMENT '字典类型',
  `status` char(1) CHARACTER SET utf8mb4 COLLATE utf8mb4_0900_ai_ci NULL DEFAULT '0' COMMENT '状态（0正常 1停用）',
  `create_by` varchar(64) CHARACTER SET utf8mb4 COLLATE utf8mb4_0900_ai_ci NULL DEFAULT '' COMMENT '创建者',
  `create_time` datetime NULL DEFAULT NULL COMMENT '创建时间',
  `update_by` varchar(64) CHARACTER SET utf8mb4 COLLATE utf8mb4_0900_ai_ci NULL DEFAULT '' COMMENT '更新者',
  `update_time` datetime NULL DEFAULT NULL COMMENT '更新时间',
  `remark` varchar(500) CHARACTER SET utf8mb4 COLLATE utf8mb4_0900_ai_ci NULL DEFAULT NULL COMMENT '备注',
  PRIMARY KEY (`dict_id`) USING BTREE,
  UNIQUE INDEX `dict_type`(`dict_type`) USING BTREE
) ENGINE = InnoDB AUTO_INCREMENT = 10 CHARACTER SET = utf8mb4 COLLATE = utf8mb4_0900_ai_ci COMMENT = '字典类型表' ROW_FORMAT = Dynamic;

-- ----------------------------
-- Records of sys_dict_type
-- ----------------------------
INSERT INTO `sys_dict_type` VALUES (1, '用户性别', 'sys_user_sex', '0', 'admin', '2024-06-26 08:47:33', '', NULL, '用户性别列表');
INSERT INTO `sys_dict_type` VALUES (2, '菜单状态', 'sys_show_hide', '0', 'admin', '2024-06-26 08:47:33', '', NULL, '菜单状态列表');
INSERT INTO `sys_dict_type` VALUES (3, '系统开关', 'sys_normal_disable', '0', 'admin', '2024-06-26 08:47:33', '', NULL, '系统开关列表');
INSERT INTO `sys_dict_type` VALUES (4, '任务状态', 'sys_job_status', '0', 'admin', '2024-06-26 08:47:33', '', NULL, '任务状态列表');
INSERT INTO `sys_dict_type` VALUES (5, '任务分组', 'sys_job_group', '0', 'admin', '2024-06-26 08:47:33', '', NULL, '任务分组列表');
INSERT INTO `sys_dict_type` VALUES (6, '系统是否', 'sys_yes_no', '0', 'admin', '2024-06-26 08:47:33', '', NULL, '系统是否列表');
INSERT INTO `sys_dict_type` VALUES (7, '通知类型', 'sys_notice_type', '0', 'admin', '2024-06-26 08:47:33', '', NULL, '通知类型列表');
INSERT INTO `sys_dict_type` VALUES (8, '通知状态', 'sys_notice_status', '0', 'admin', '2024-06-26 08:47:33', '', NULL, '通知状态列表');
INSERT INTO `sys_dict_type` VALUES (9, '操作类型', 'sys_oper_type', '0', 'admin', '2024-06-26 08:47:33', '', NULL, '操作类型列表');
INSERT INTO `sys_dict_type` VALUES (10, '系统状态', 'sys_common_status', '0', 'admin', '2024-06-26 08:47:33', '', NULL, '登录状态列表');

-- ----------------------------
-- Table structure for sys_job
-- ----------------------------
DROP TABLE IF EXISTS `sys_job`;
CREATE TABLE `sys_job`  (
  `job_id` bigint NOT NULL AUTO_INCREMENT COMMENT '任务ID',
  `job_name` varchar(64) CHARACTER SET utf8mb4 COLLATE utf8mb4_0900_ai_ci NOT NULL DEFAULT '' COMMENT '任务名称',
  `job_group` varchar(64) CHARACTER SET utf8mb4 COLLATE utf8mb4_0900_ai_ci NOT NULL DEFAULT 'DEFAULT' COMMENT '任务组名',
  `invoke_target` varchar(500) CHARACTER SET utf8mb4 COLLATE utf8mb4_0900_ai_ci NOT NULL COMMENT '调用目标字符串',
  `cron_expression` varchar(255) CHARACTER SET utf8mb4 COLLATE utf8mb4_0900_ai_ci NULL DEFAULT '' COMMENT 'cron执行表达式',
  `misfire_policy` varchar(20) CHARACTER SET utf8mb4 COLLATE utf8mb4_0900_ai_ci NULL DEFAULT '3' COMMENT '计划执行错误策略（1立即执行 2执行一次 3放弃执行）',
  `concurrent` char(1) CHARACTER SET utf8mb4 COLLATE utf8mb4_0900_ai_ci NULL DEFAULT '1' COMMENT '是否并发执行（0允许 1禁止）',
  `status` char(1) CHARACTER SET utf8mb4 COLLATE utf8mb4_0900_ai_ci NULL DEFAULT '0' COMMENT '状态（0正常 1暂停）',
  `create_by` varchar(64) CHARACTER SET utf8mb4 COLLATE utf8mb4_0900_ai_ci NULL DEFAULT '' COMMENT '创建者',
  `create_time` datetime NULL DEFAULT NULL COMMENT '创建时间',
  `update_by` varchar(64) CHARACTER SET utf8mb4 COLLATE utf8mb4_0900_ai_ci NULL DEFAULT '' COMMENT '更新者',
  `update_time` datetime NULL DEFAULT NULL COMMENT '更新时间',
  `remark` varchar(500) CHARACTER SET utf8mb4 COLLATE utf8mb4_0900_ai_ci NULL DEFAULT '' COMMENT '备注信息',
  PRIMARY KEY (`job_id`, `job_name`, `job_group`) USING BTREE
) ENGINE = InnoDB AUTO_INCREMENT = 100 CHARACTER SET = utf8mb4 COLLATE = utf8mb4_0900_ai_ci COMMENT = '定时任务调度表' ROW_FORMAT = Dynamic;

-- ----------------------------
-- Records of sys_job
-- ----------------------------
INSERT INTO `sys_job` VALUES (1, '系统默认（无参）', 'DEFAULT', 'ryTask.ryNoParams', '0/10 * * * * ?', '3', '1', '1', 'admin', '2024-06-26 08:47:33', '', NULL, '');
INSERT INTO `sys_job` VALUES (2, '系统默认（有参）', 'DEFAULT', 'ryTask.ryParams(\'ry\')', '0/15 * * * * ?', '3', '1', '1', 'admin', '2024-06-26 08:47:33', '', NULL, '');
INSERT INTO `sys_job` VALUES (3, '系统默认（多参）', 'DEFAULT', 'ryTask.ryMultipleParams(\'ry\', true, 2000L, 316.50D, 100)', '0/20 * * * * ?', '3', '1', '1', 'admin', '2024-06-26 08:47:33', '', NULL, '');

-- ----------------------------
-- Table structure for sys_job_log
-- ----------------------------
DROP TABLE IF EXISTS `sys_job_log`;
CREATE TABLE `sys_job_log`  (
  `job_log_id` bigint NOT NULL AUTO_INCREMENT COMMENT '任务日志ID',
  `job_name` varchar(64) CHARACTER SET utf8mb4 COLLATE utf8mb4_0900_ai_ci NOT NULL COMMENT '任务名称',
  `job_group` varchar(64) CHARACTER SET utf8mb4 COLLATE utf8mb4_0900_ai_ci NOT NULL COMMENT '任务组名',
  `invoke_target` varchar(500) CHARACTER SET utf8mb4 COLLATE utf8mb4_0900_ai_ci NOT NULL COMMENT '调用目标字符串',
  `job_message` varchar(500) CHARACTER SET utf8mb4 COLLATE utf8mb4_0900_ai_ci NULL DEFAULT NULL COMMENT '日志信息',
  `status` char(1) CHARACTER SET utf8mb4 COLLATE utf8mb4_0900_ai_ci NULL DEFAULT '0' COMMENT '执行状态（0正常 1失败）',
  `exception_info` varchar(2000) CHARACTER SET utf8mb4 COLLATE utf8mb4_0900_ai_ci NULL DEFAULT '' COMMENT '异常信息',
  `create_time` datetime NULL DEFAULT NULL COMMENT '创建时间',
  PRIMARY KEY (`job_log_id`) USING BTREE
) ENGINE = InnoDB CHARACTER SET = utf8mb4 COLLATE = utf8mb4_0900_ai_ci COMMENT = '定时任务调度日志表' ROW_FORMAT = Dynamic;

-- ----------------------------
-- Records of sys_job_log
-- ----------------------------

-- ----------------------------
-- Table structure for sys_logininfor
-- ----------------------------
DROP TABLE IF EXISTS `sys_logininfor`;
CREATE TABLE `sys_logininfor`  (
  `info_id` bigint NOT NULL AUTO_INCREMENT COMMENT '访问ID',
  `user_name` varchar(50) CHARACTER SET utf8mb4 COLLATE utf8mb4_0900_ai_ci NULL DEFAULT '' COMMENT '用户账号',
  `ipaddr` varchar(128) CHARACTER SET utf8mb4 COLLATE utf8mb4_0900_ai_ci NULL DEFAULT '' COMMENT '登录IP地址',
  `login_location` varchar(255) CHARACTER SET utf8mb4 COLLATE utf8mb4_0900_ai_ci NULL DEFAULT '' COMMENT '登录地点',
  `browser` varchar(50) CHARACTER SET utf8mb4 COLLATE utf8mb4_0900_ai_ci NULL DEFAULT '' COMMENT '浏览器类型',
  `os` varchar(50) CHARACTER SET utf8mb4 COLLATE utf8mb4_0900_ai_ci NULL DEFAULT '' COMMENT '操作系统',
  `status` char(1) CHARACTER SET utf8mb4 COLLATE utf8mb4_0900_ai_ci NULL DEFAULT '0' COMMENT '登录状态（0成功 1失败）',
  `msg` varchar(255) CHARACTER SET utf8mb4 COLLATE utf8mb4_0900_ai_ci NULL DEFAULT '' COMMENT '提示消息',
  `login_time` datetime NULL DEFAULT NULL COMMENT '访问时间',
  PRIMARY KEY (`info_id`) USING BTREE,
  INDEX `idx_sys_logininfor_s`(`status`) USING BTREE,
  INDEX `idx_sys_logininfor_lt`(`login_time`) USING BTREE
) ENGINE = InnoDB AUTO_INCREMENT = 134 CHARACTER SET = utf8mb4 COLLATE = utf8mb4_0900_ai_ci COMMENT = '系统访问记录' ROW_FORMAT = Dynamic;

-- ----------------------------
-- Records of sys_logininfor
-- ----------------------------
INSERT INTO `sys_logininfor` VALUES (100, 'admin', '127.0.0.1', '内网IP', 'Chrome 12', 'Windows 10', '1', '验证码错误', '2024-06-26 08:54:17');
INSERT INTO `sys_logininfor` VALUES (101, 'admin', '127.0.0.1', '内网IP', 'Chrome 12', 'Windows 10', '0', '登录成功', '2024-06-26 08:54:22');
INSERT INTO `sys_logininfor` VALUES (102, 'admin', '127.0.0.1', '内网IP', 'Chrome 12', 'Windows 10', '0', '登录成功', '2024-06-26 10:14:48');
INSERT INTO `sys_logininfor` VALUES (103, 'admin', '127.0.0.1', '内网IP', 'Chrome 12', 'Windows 10', '0', '登录成功', '2024-06-26 12:47:35');
INSERT INTO `sys_logininfor` VALUES (104, 'admin', '127.0.0.1', '内网IP', 'Chrome 12', 'Windows 10', '0', '登录成功', '2024-06-26 14:21:26');
INSERT INTO `sys_logininfor` VALUES (105, 'admin', '127.0.0.1', '内网IP', 'Chrome 12', 'Windows 10', '0', '登录成功', '2024-06-27 00:54:28');
INSERT INTO `sys_logininfor` VALUES (106, 'admin', '127.0.0.1', '内网IP', 'Chrome 12', 'Windows 10', '0', '登录成功', '2024-06-27 04:20:33');
INSERT INTO `sys_logininfor` VALUES (107, 'admin', '127.0.0.1', '内网IP', 'Chrome 12', 'Windows 10', '0', '登录成功', '2024-06-27 05:47:31');
INSERT INTO `sys_logininfor` VALUES (108, 'admin', '127.0.0.1', '内网IP', 'Chrome 12', 'Windows 10', '1', '验证码已失效', '2024-06-27 09:31:50');
INSERT INTO `sys_logininfor` VALUES (109, 'admin', '127.0.0.1', '内网IP', 'Chrome 12', 'Windows 10', '0', '登录成功', '2024-06-27 09:32:03');
INSERT INTO `sys_logininfor` VALUES (110, 'admin', '127.0.0.1', '内网IP', 'Chrome 12', 'Windows 10', '1', '验证码已失效', '2024-06-28 03:21:03');
INSERT INTO `sys_logininfor` VALUES (111, 'admin', '127.0.0.1', '内网IP', 'Chrome 12', 'Windows 10', '0', '登录成功', '2024-06-28 03:21:23');
INSERT INTO `sys_logininfor` VALUES (112, 'admin', '127.0.0.1', '内网IP', 'Chrome 12', 'Windows 10', '0', '退出成功', '2024-06-28 03:21:23');
INSERT INTO `sys_logininfor` VALUES (113, 'admin', '127.0.0.1', '内网IP', 'Chrome 12', 'Windows 10', '0', '登录成功', '2024-06-28 03:26:34');
INSERT INTO `sys_logininfor` VALUES (114, 'admin', '127.0.0.1', '内网IP', 'Chrome 12', 'Windows 10', '1', '验证码错误', '2024-06-28 04:53:10');
INSERT INTO `sys_logininfor` VALUES (115, 'admin', '127.0.0.1', '内网IP', 'Chrome 12', 'Windows 10', '0', '登录成功', '2024-06-28 04:53:19');
INSERT INTO `sys_logininfor` VALUES (116, 'admin', '127.0.0.1', '内网IP', 'Chrome 12', 'Windows 10', '0', '登录成功', '2024-06-28 06:23:31');
INSERT INTO `sys_logininfor` VALUES (117, 'admin', '127.0.0.1', '内网IP', 'Chrome 12', 'Windows 10', '1', '验证码错误', '2024-06-28 10:45:50');
INSERT INTO `sys_logininfor` VALUES (118, 'admin', '127.0.0.1', '内网IP', 'Chrome 12', 'Windows 10', '0', '登录成功', '2024-06-28 10:45:54');
INSERT INTO `sys_logininfor` VALUES (119, 'admin', '127.0.0.1', '内网IP', 'Chrome 12', 'Windows 10', '0', '登录成功', '2024-06-28 11:22:33');
INSERT INTO `sys_logininfor` VALUES (120, 'admin', '127.0.0.1', '内网IP', 'Chrome 12', 'Windows 10', '1', '验证码错误', '2024-07-01 02:40:13');
INSERT INTO `sys_logininfor` VALUES (121, 'admin', '127.0.0.1', '内网IP', 'Chrome 12', 'Windows 10', '0', '登录成功', '2024-07-01 02:40:17');
INSERT INTO `sys_logininfor` VALUES (122, 'admin', '127.0.0.1', '内网IP', 'Chrome 12', 'Windows 10', '0', '登录成功', '2024-07-01 03:09:10');
INSERT INTO `sys_logininfor` VALUES (123, 'admin', '127.0.0.1', '内网IP', 'Chrome 12', 'Windows 10', '0', '登录成功', '2024-07-01 06:11:29');
INSERT INTO `sys_logininfor` VALUES (124, 'admin', '127.0.0.1', '内网IP', 'Chrome 12', 'Windows 10', '1', '验证码错误', '2024-07-01 07:59:15');
INSERT INTO `sys_logininfor` VALUES (125, 'admin', '127.0.0.1', '内网IP', 'Chrome 12', 'Windows 10', '0', '登录成功', '2024-07-01 07:59:21');
INSERT INTO `sys_logininfor` VALUES (126, 'admin', '127.0.0.1', '内网IP', 'Chrome 12', 'Windows 10', '0', '登录成功', '2024-10-09 07:26:07');
INSERT INTO `sys_logininfor` VALUES (127, 'admin', '127.0.0.1', '内网IP', 'Chrome 12', 'Windows 10', '1', '验证码错误', '2024-10-09 10:19:53');
INSERT INTO `sys_logininfor` VALUES (128, 'admin', '127.0.0.1', '内网IP', 'Chrome 12', 'Windows 10', '0', '登录成功', '2024-10-09 10:19:58');
INSERT INTO `sys_logininfor` VALUES (129, 'admin', '127.0.0.1', '内网IP', 'Chrome 12', 'Windows 10', '0', '退出成功', '2024-10-09 10:21:10');
INSERT INTO `sys_logininfor` VALUES (130, 'admin', '127.0.0.1', '内网IP', 'Chrome 12', 'Windows 10', '0', '登录成功', '2024-10-09 10:21:23');
INSERT INTO `sys_logininfor` VALUES (131, 'admin', '127.0.0.1', '内网IP', 'Chrome 13', 'Windows 10', '0', '登录成功', '2025-01-13 02:14:30');
INSERT INTO `sys_logininfor` VALUES (132, 'admin', '127.0.0.1', '内网IP', 'Chrome 13', 'Windows 10', '0', '登录成功', '2025-01-13 02:50:00');
INSERT INTO `sys_logininfor` VALUES (133, 'admin', '127.0.0.1', '内网IP', 'Chrome 13', 'Windows 10', '0', '登录成功', '2025-01-13 06:16:18');

-- ----------------------------
-- Table structure for sys_menu
-- ----------------------------
DROP TABLE IF EXISTS `sys_menu`;
CREATE TABLE `sys_menu`  (
  `menu_id` bigint NOT NULL AUTO_INCREMENT COMMENT '菜单ID',
  `menu_name` varchar(50) CHARACTER SET utf8mb4 COLLATE utf8mb4_0900_ai_ci NOT NULL COMMENT '菜单名称',
  `parent_id` bigint NULL DEFAULT 0 COMMENT '父菜单ID',
  `order_num` int NULL DEFAULT 0 COMMENT '显示顺序',
  `path` varchar(200) CHARACTER SET utf8mb4 COLLATE utf8mb4_0900_ai_ci NULL DEFAULT '' COMMENT '路由地址',
  `component` varchar(255) CHARACTER SET utf8mb4 COLLATE utf8mb4_0900_ai_ci NULL DEFAULT NULL COMMENT '组件路径',
  `query` varchar(255) CHARACTER SET utf8mb4 COLLATE utf8mb4_0900_ai_ci NULL DEFAULT NULL COMMENT '路由参数',
  `is_frame` int NULL DEFAULT 1 COMMENT '是否为外链（0是 1否）',
  `is_cache` int NULL DEFAULT 0 COMMENT '是否缓存（0缓存 1不缓存）',
  `menu_type` char(1) CHARACTER SET utf8mb4 COLLATE utf8mb4_0900_ai_ci NULL DEFAULT '' COMMENT '菜单类型（M目录 C菜单 F按钮）',
  `visible` char(1) CHARACTER SET utf8mb4 COLLATE utf8mb4_0900_ai_ci NULL DEFAULT '0' COMMENT '菜单状态（0显示 1隐藏）',
  `status` char(1) CHARACTER SET utf8mb4 COLLATE utf8mb4_0900_ai_ci NULL DEFAULT '0' COMMENT '菜单状态（0正常 1停用）',
  `perms` varchar(100) CHARACTER SET utf8mb4 COLLATE utf8mb4_0900_ai_ci NULL DEFAULT NULL COMMENT '权限标识',
  `icon` varchar(100) CHARACTER SET utf8mb4 COLLATE utf8mb4_0900_ai_ci NULL DEFAULT '#' COMMENT '菜单图标',
  `create_by` varchar(64) CHARACTER SET utf8mb4 COLLATE utf8mb4_0900_ai_ci NULL DEFAULT '' COMMENT '创建者',
  `create_time` datetime NULL DEFAULT NULL COMMENT '创建时间',
  `update_by` varchar(64) CHARACTER SET utf8mb4 COLLATE utf8mb4_0900_ai_ci NULL DEFAULT '' COMMENT '更新者',
  `update_time` datetime NULL DEFAULT NULL COMMENT '更新时间',
  `remark` varchar(500) CHARACTER SET utf8mb4 COLLATE utf8mb4_0900_ai_ci NULL DEFAULT '' COMMENT '备注',
  PRIMARY KEY (`menu_id`) USING BTREE
) ENGINE = InnoDB AUTO_INCREMENT = 2003 CHARACTER SET = utf8mb4 COLLATE = utf8mb4_0900_ai_ci COMMENT = '菜单权限表' ROW_FORMAT = Dynamic;

-- ----------------------------
-- Records of sys_menu
-- ----------------------------
INSERT INTO `sys_menu` VALUES (1, '系统管理', 0, 1, 'system', NULL, '', 1, 0, 'M', '0', '0', '', 'system', 'admin', '2024-06-26 08:47:33', '', NULL, '系统管理目录');
INSERT INTO `sys_menu` VALUES (2, '系统监控', 0, 2, 'monitor', NULL, '', 1, 0, 'M', '0', '0', '', 'monitor', 'admin', '2024-06-26 08:47:33', '', NULL, '系统监控目录');
INSERT INTO `sys_menu` VALUES (3, '系统工具', 0, 3, 'tool', NULL, '', 1, 0, 'M', '0', '0', '', 'tool', 'admin', '2024-06-26 08:47:33', '', NULL, '系统工具目录');
INSERT INTO `sys_menu` VALUES (100, '用户管理', 1, 1, 'user', 'system/user/index', '', 1, 0, 'C', '0', '0', 'system:user:list', 'user', 'admin', '2024-06-26 08:47:33', '', NULL, '用户管理菜单');
INSERT INTO `sys_menu` VALUES (101, '角色管理', 1, 2, 'role', 'system/role/index', '', 1, 0, 'C', '0', '0', 'system:role:list', 'peoples', 'admin', '2024-06-26 08:47:33', '', NULL, '角色管理菜单');
INSERT INTO `sys_menu` VALUES (102, '菜单管理', 1, 3, 'menu', 'system/menu/index', '', 1, 0, 'C', '0', '0', 'system:menu:list', 'tree-table', 'admin', '2024-06-26 08:47:33', '', NULL, '菜单管理菜单');
INSERT INTO `sys_menu` VALUES (103, '部门管理', 1, 4, 'dept', 'system/dept/index', '', 1, 0, 'C', '0', '0', 'system:dept:list', 'tree', 'admin', '2024-06-26 08:47:33', '', NULL, '部门管理菜单');
INSERT INTO `sys_menu` VALUES (104, '岗位管理', 1, 5, 'post', 'system/post/index', '', 1, 0, 'C', '0', '0', 'system:post:list', 'post', 'admin', '2024-06-26 08:47:33', '', NULL, '岗位管理菜单');
INSERT INTO `sys_menu` VALUES (105, '字典管理', 1, 6, 'dict', 'system/dict/index', '', 1, 0, 'C', '0', '0', 'system:dict:list', 'dict', 'admin', '2024-06-26 08:47:33', '', NULL, '字典管理菜单');
INSERT INTO `sys_menu` VALUES (106, '参数设置', 1, 7, 'config', 'system/config/index', '', 1, 0, 'C', '0', '0', 'system:config:list', 'edit', 'admin', '2024-06-26 08:47:33', '', NULL, '参数设置菜单');
INSERT INTO `sys_menu` VALUES (107, '通知公告', 1, 8, 'notice', 'system/notice/index', '', 1, 0, 'C', '0', '0', 'system:notice:list', 'message', 'admin', '2024-06-26 08:47:33', '', NULL, '通知公告菜单');
INSERT INTO `sys_menu` VALUES (108, '日志管理', 1, 9, 'log', '', '', 1, 0, 'M', '0', '0', '', 'log', 'admin', '2024-06-26 08:47:33', '', NULL, '日志管理菜单');
INSERT INTO `sys_menu` VALUES (109, '在线用户', 2, 1, 'online', 'monitor/online/index', '', 1, 0, 'C', '0', '0', 'monitor:online:list', 'online', 'admin', '2024-06-26 08:47:33', '', NULL, '在线用户菜单');
INSERT INTO `sys_menu` VALUES (110, '定时任务', 2, 2, 'job', 'monitor/job/index', '', 1, 0, 'C', '0', '0', 'monitor:job:list', 'job', 'admin', '2024-06-26 08:47:33', '', NULL, '定时任务菜单');
INSERT INTO `sys_menu` VALUES (111, '数据监控', 2, 3, 'druid', 'monitor/druid/index', '', 1, 0, 'C', '0', '0', 'monitor:druid:list', 'druid', 'admin', '2024-06-26 08:47:33', '', NULL, '数据监控菜单');
INSERT INTO `sys_menu` VALUES (112, '服务监控', 2, 4, 'server', 'monitor/server/index', '', 1, 0, 'C', '0', '0', 'monitor:server:list', 'server', 'admin', '2024-06-26 08:47:33', '', NULL, '服务监控菜单');
INSERT INTO `sys_menu` VALUES (113, '缓存监控', 2, 5, 'cache', 'monitor/cache/index', '', 1, 0, 'C', '0', '0', 'monitor:cache:list', 'redis', 'admin', '2024-06-26 08:47:33', '', NULL, '缓存监控菜单');
INSERT INTO `sys_menu` VALUES (114, '缓存列表', 2, 6, 'cacheList', 'monitor/cache/list', '', 1, 0, 'C', '0', '0', 'monitor:cache:list', 'redis-list', 'admin', '2024-06-26 08:47:33', '', NULL, '缓存列表菜单');
INSERT INTO `sys_menu` VALUES (115, '表单构建', 3, 1, 'build', 'tool/build/index', '', 1, 0, 'C', '0', '0', 'tool:build:list', 'build', 'admin', '2024-06-26 08:47:33', '', NULL, '表单构建菜单');
INSERT INTO `sys_menu` VALUES (116, '代码生成', 3, 2, 'gen', 'tool/gen/index', '', 1, 0, 'C', '0', '0', 'tool:gen:list', 'code', 'admin', '2024-06-26 08:47:33', '', NULL, '代码生成菜单');
INSERT INTO `sys_menu` VALUES (117, '系统接口', 3, 3, 'swagger', 'tool/swagger/index', '', 1, 0, 'C', '0', '0', 'tool:swagger:list', 'swagger', 'admin', '2024-06-26 08:47:33', '', NULL, '系统接口菜单');
INSERT INTO `sys_menu` VALUES (500, '操作日志', 108, 1, 'operlog', 'monitor/operlog/index', '', 1, 0, 'C', '0', '0', 'monitor:operlog:list', 'form', 'admin', '2024-06-26 08:47:33', '', NULL, '操作日志菜单');
INSERT INTO `sys_menu` VALUES (501, '登录日志', 108, 2, 'logininfor', 'monitor/logininfor/index', '', 1, 0, 'C', '0', '0', 'monitor:logininfor:list', 'logininfor', 'admin', '2024-06-26 08:47:33', '', NULL, '登录日志菜单');
INSERT INTO `sys_menu` VALUES (1000, '用户查询', 100, 1, '', '', '', 1, 0, 'F', '0', '0', 'system:user:query', '#', 'admin', '2024-06-26 08:47:33', '', NULL, '');
INSERT INTO `sys_menu` VALUES (1001, '用户新增', 100, 2, '', '', '', 1, 0, 'F', '0', '0', 'system:user:add', '#', 'admin', '2024-06-26 08:47:33', '', NULL, '');
INSERT INTO `sys_menu` VALUES (1002, '用户修改', 100, 3, '', '', '', 1, 0, 'F', '0', '0', 'system:user:edit', '#', 'admin', '2024-06-26 08:47:33', '', NULL, '');
INSERT INTO `sys_menu` VALUES (1003, '用户删除', 100, 4, '', '', '', 1, 0, 'F', '0', '0', 'system:user:remove', '#', 'admin', '2024-06-26 08:47:33', '', NULL, '');
INSERT INTO `sys_menu` VALUES (1004, '用户导出', 100, 5, '', '', '', 1, 0, 'F', '0', '0', 'system:user:export', '#', 'admin', '2024-06-26 08:47:33', '', NULL, '');
INSERT INTO `sys_menu` VALUES (1005, '用户导入', 100, 6, '', '', '', 1, 0, 'F', '0', '0', 'system:user:import', '#', 'admin', '2024-06-26 08:47:33', '', NULL, '');
INSERT INTO `sys_menu` VALUES (1006, '重置密码', 100, 7, '', '', '', 1, 0, 'F', '0', '0', 'system:user:resetPwd', '#', 'admin', '2024-06-26 08:47:33', '', NULL, '');
INSERT INTO `sys_menu` VALUES (1007, '角色查询', 101, 1, '', '', '', 1, 0, 'F', '0', '0', 'system:role:query', '#', 'admin', '2024-06-26 08:47:33', '', NULL, '');
INSERT INTO `sys_menu` VALUES (1008, '角色新增', 101, 2, '', '', '', 1, 0, 'F', '0', '0', 'system:role:add', '#', 'admin', '2024-06-26 08:47:33', '', NULL, '');
INSERT INTO `sys_menu` VALUES (1009, '角色修改', 101, 3, '', '', '', 1, 0, 'F', '0', '0', 'system:role:edit', '#', 'admin', '2024-06-26 08:47:33', '', NULL, '');
INSERT INTO `sys_menu` VALUES (1010, '角色删除', 101, 4, '', '', '', 1, 0, 'F', '0', '0', 'system:role:remove', '#', 'admin', '2024-06-26 08:47:33', '', NULL, '');
INSERT INTO `sys_menu` VALUES (1011, '角色导出', 101, 5, '', '', '', 1, 0, 'F', '0', '0', 'system:role:export', '#', 'admin', '2024-06-26 08:47:33', '', NULL, '');
INSERT INTO `sys_menu` VALUES (1012, '菜单查询', 102, 1, '', '', '', 1, 0, 'F', '0', '0', 'system:menu:query', '#', 'admin', '2024-06-26 08:47:33', '', NULL, '');
INSERT INTO `sys_menu` VALUES (1013, '菜单新增', 102, 2, '', '', '', 1, 0, 'F', '0', '0', 'system:menu:add', '#', 'admin', '2024-06-26 08:47:33', '', NULL, '');
INSERT INTO `sys_menu` VALUES (1014, '菜单修改', 102, 3, '', '', '', 1, 0, 'F', '0', '0', 'system:menu:edit', '#', 'admin', '2024-06-26 08:47:33', '', NULL, '');
INSERT INTO `sys_menu` VALUES (1015, '菜单删除', 102, 4, '', '', '', 1, 0, 'F', '0', '0', 'system:menu:remove', '#', 'admin', '2024-06-26 08:47:33', '', NULL, '');
INSERT INTO `sys_menu` VALUES (1016, '部门查询', 103, 1, '', '', '', 1, 0, 'F', '0', '0', 'system:dept:query', '#', 'admin', '2024-06-26 08:47:33', '', NULL, '');
INSERT INTO `sys_menu` VALUES (1017, '部门新增', 103, 2, '', '', '', 1, 0, 'F', '0', '0', 'system:dept:add', '#', 'admin', '2024-06-26 08:47:33', '', NULL, '');
INSERT INTO `sys_menu` VALUES (1018, '部门修改', 103, 3, '', '', '', 1, 0, 'F', '0', '0', 'system:dept:edit', '#', 'admin', '2024-06-26 08:47:33', '', NULL, '');
INSERT INTO `sys_menu` VALUES (1019, '部门删除', 103, 4, '', '', '', 1, 0, 'F', '0', '0', 'system:dept:remove', '#', 'admin', '2024-06-26 08:47:33', '', NULL, '');
INSERT INTO `sys_menu` VALUES (1020, '岗位查询', 104, 1, '', '', '', 1, 0, 'F', '0', '0', 'system:post:query', '#', 'admin', '2024-06-26 08:47:33', '', NULL, '');
INSERT INTO `sys_menu` VALUES (1021, '岗位新增', 104, 2, '', '', '', 1, 0, 'F', '0', '0', 'system:post:add', '#', 'admin', '2024-06-26 08:47:33', '', NULL, '');
INSERT INTO `sys_menu` VALUES (1022, '岗位修改', 104, 3, '', '', '', 1, 0, 'F', '0', '0', 'system:post:edit', '#', 'admin', '2024-06-26 08:47:33', '', NULL, '');
INSERT INTO `sys_menu` VALUES (1023, '岗位删除', 104, 4, '', '', '', 1, 0, 'F', '0', '0', 'system:post:remove', '#', 'admin', '2024-06-26 08:47:33', '', NULL, '');
INSERT INTO `sys_menu` VALUES (1024, '岗位导出', 104, 5, '', '', '', 1, 0, 'F', '0', '0', 'system:post:export', '#', 'admin', '2024-06-26 08:47:33', '', NULL, '');
INSERT INTO `sys_menu` VALUES (1025, '字典查询', 105, 1, '#', '', '', 1, 0, 'F', '0', '0', 'system:dict:query', '#', 'admin', '2024-06-26 08:47:33', '', NULL, '');
INSERT INTO `sys_menu` VALUES (1026, '字典新增', 105, 2, '#', '', '', 1, 0, 'F', '0', '0', 'system:dict:add', '#', 'admin', '2024-06-26 08:47:33', '', NULL, '');
INSERT INTO `sys_menu` VALUES (1027, '字典修改', 105, 3, '#', '', '', 1, 0, 'F', '0', '0', 'system:dict:edit', '#', 'admin', '2024-06-26 08:47:33', '', NULL, '');
INSERT INTO `sys_menu` VALUES (1028, '字典删除', 105, 4, '#', '', '', 1, 0, 'F', '0', '0', 'system:dict:remove', '#', 'admin', '2024-06-26 08:47:33', '', NULL, '');
INSERT INTO `sys_menu` VALUES (1029, '字典导出', 105, 5, '#', '', '', 1, 0, 'F', '0', '0', 'system:dict:export', '#', 'admin', '2024-06-26 08:47:33', '', NULL, '');
INSERT INTO `sys_menu` VALUES (1030, '参数查询', 106, 1, '#', '', '', 1, 0, 'F', '0', '0', 'system:config:query', '#', 'admin', '2024-06-26 08:47:33', '', NULL, '');
INSERT INTO `sys_menu` VALUES (1031, '参数新增', 106, 2, '#', '', '', 1, 0, 'F', '0', '0', 'system:config:add', '#', 'admin', '2024-06-26 08:47:33', '', NULL, '');
INSERT INTO `sys_menu` VALUES (1032, '参数修改', 106, 3, '#', '', '', 1, 0, 'F', '0', '0', 'system:config:edit', '#', 'admin', '2024-06-26 08:47:33', '', NULL, '');
INSERT INTO `sys_menu` VALUES (1033, '参数删除', 106, 4, '#', '', '', 1, 0, 'F', '0', '0', 'system:config:remove', '#', 'admin', '2024-06-26 08:47:33', '', NULL, '');
INSERT INTO `sys_menu` VALUES (1034, '参数导出', 106, 5, '#', '', '', 1, 0, 'F', '0', '0', 'system:config:export', '#', 'admin', '2024-06-26 08:47:33', '', NULL, '');
INSERT INTO `sys_menu` VALUES (1035, '公告查询', 107, 1, '#', '', '', 1, 0, 'F', '0', '0', 'system:notice:query', '#', 'admin', '2024-06-26 08:47:33', '', NULL, '');
INSERT INTO `sys_menu` VALUES (1036, '公告新增', 107, 2, '#', '', '', 1, 0, 'F', '0', '0', 'system:notice:add', '#', 'admin', '2024-06-26 08:47:33', '', NULL, '');
INSERT INTO `sys_menu` VALUES (1037, '公告修改', 107, 3, '#', '', '', 1, 0, 'F', '0', '0', 'system:notice:edit', '#', 'admin', '2024-06-26 08:47:33', '', NULL, '');
INSERT INTO `sys_menu` VALUES (1038, '公告删除', 107, 4, '#', '', '', 1, 0, 'F', '0', '0', 'system:notice:remove', '#', 'admin', '2024-06-26 08:47:33', '', NULL, '');
INSERT INTO `sys_menu` VALUES (1039, '操作查询', 500, 1, '#', '', '', 1, 0, 'F', '0', '0', 'monitor:operlog:query', '#', 'admin', '2024-06-26 08:47:33', '', NULL, '');
INSERT INTO `sys_menu` VALUES (1040, '操作删除', 500, 2, '#', '', '', 1, 0, 'F', '0', '0', 'monitor:operlog:remove', '#', 'admin', '2024-06-26 08:47:33', '', NULL, '');
INSERT INTO `sys_menu` VALUES (1041, '日志导出', 500, 3, '#', '', '', 1, 0, 'F', '0', '0', 'monitor:operlog:export', '#', 'admin', '2024-06-26 08:47:33', '', NULL, '');
INSERT INTO `sys_menu` VALUES (1042, '登录查询', 501, 1, '#', '', '', 1, 0, 'F', '0', '0', 'monitor:logininfor:query', '#', 'admin', '2024-06-26 08:47:33', '', NULL, '');
INSERT INTO `sys_menu` VALUES (1043, '登录删除', 501, 2, '#', '', '', 1, 0, 'F', '0', '0', 'monitor:logininfor:remove', '#', 'admin', '2024-06-26 08:47:33', '', NULL, '');
INSERT INTO `sys_menu` VALUES (1044, '日志导出', 501, 3, '#', '', '', 1, 0, 'F', '0', '0', 'monitor:logininfor:export', '#', 'admin', '2024-06-26 08:47:33', '', NULL, '');
INSERT INTO `sys_menu` VALUES (1045, '账户解锁', 501, 4, '#', '', '', 1, 0, 'F', '0', '0', 'monitor:logininfor:unlock', '#', 'admin', '2024-06-26 08:47:33', '', NULL, '');
INSERT INTO `sys_menu` VALUES (1046, '在线查询', 109, 1, '#', '', '', 1, 0, 'F', '0', '0', 'monitor:online:query', '#', 'admin', '2024-06-26 08:47:33', '', NULL, '');
INSERT INTO `sys_menu` VALUES (1047, '批量强退', 109, 2, '#', '', '', 1, 0, 'F', '0', '0', 'monitor:online:batchLogout', '#', 'admin', '2024-06-26 08:47:33', '', NULL, '');
INSERT INTO `sys_menu` VALUES (1048, '单条强退', 109, 3, '#', '', '', 1, 0, 'F', '0', '0', 'monitor:online:forceLogout', '#', 'admin', '2024-06-26 08:47:33', '', NULL, '');
INSERT INTO `sys_menu` VALUES (1049, '任务查询', 110, 1, '#', '', '', 1, 0, 'F', '0', '0', 'monitor:job:query', '#', 'admin', '2024-06-26 08:47:33', '', NULL, '');
INSERT INTO `sys_menu` VALUES (1050, '任务新增', 110, 2, '#', '', '', 1, 0, 'F', '0', '0', 'monitor:job:add', '#', 'admin', '2024-06-26 08:47:33', '', NULL, '');
INSERT INTO `sys_menu` VALUES (1051, '任务修改', 110, 3, '#', '', '', 1, 0, 'F', '0', '0', 'monitor:job:edit', '#', 'admin', '2024-06-26 08:47:33', '', NULL, '');
INSERT INTO `sys_menu` VALUES (1052, '任务删除', 110, 4, '#', '', '', 1, 0, 'F', '0', '0', 'monitor:job:remove', '#', 'admin', '2024-06-26 08:47:33', '', NULL, '');
INSERT INTO `sys_menu` VALUES (1053, '状态修改', 110, 5, '#', '', '', 1, 0, 'F', '0', '0', 'monitor:job:changeStatus', '#', 'admin', '2024-06-26 08:47:33', '', NULL, '');
INSERT INTO `sys_menu` VALUES (1054, '任务导出', 110, 6, '#', '', '', 1, 0, 'F', '0', '0', 'monitor:job:export', '#', 'admin', '2024-06-26 08:47:33', '', NULL, '');
INSERT INTO `sys_menu` VALUES (1055, '生成查询', 116, 1, '#', '', '', 1, 0, 'F', '0', '0', 'tool:gen:query', '#', 'admin', '2024-06-26 08:47:33', '', NULL, '');
INSERT INTO `sys_menu` VALUES (1056, '生成修改', 116, 2, '#', '', '', 1, 0, 'F', '0', '0', 'tool:gen:edit', '#', 'admin', '2024-06-26 08:47:33', '', NULL, '');
INSERT INTO `sys_menu` VALUES (1057, '生成删除', 116, 3, '#', '', '', 1, 0, 'F', '0', '0', 'tool:gen:remove', '#', 'admin', '2024-06-26 08:47:33', '', NULL, '');
INSERT INTO `sys_menu` VALUES (1058, '导入代码', 116, 4, '#', '', '', 1, 0, 'F', '0', '0', 'tool:gen:import', '#', 'admin', '2024-06-26 08:47:33', '', NULL, '');
INSERT INTO `sys_menu` VALUES (1059, '预览代码', 116, 5, '#', '', '', 1, 0, 'F', '0', '0', 'tool:gen:preview', '#', 'admin', '2024-06-26 08:47:33', '', NULL, '');
INSERT INTO `sys_menu` VALUES (1060, '生成代码', 116, 6, '#', '', '', 1, 0, 'F', '0', '0', 'tool:gen:code', '#', 'admin', '2024-06-26 08:47:33', '', NULL, '');
INSERT INTO `sys_menu` VALUES (2000, '智能客服', 0, 0, 'system-chat', NULL, NULL, 1, 0, 'M', '0', '0', NULL, 'message', 'admin', '2024-06-26 08:58:15', '', NULL, '');
INSERT INTO `sys_menu` VALUES (2001, '知识库管理', 2000, 2, 'chat-manage', 'chat/knowledge', NULL, 1, 0, 'C', '0', '0', 'system:user:list', 'log', 'admin', '2024-06-26 09:04:05', 'admin', '2024-06-28 06:29:13', '');
INSERT INTO `sys_menu` VALUES (2002, '项目管理', 2000, 1, 'chat-project', 'chat/project', NULL, 1, 0, 'C', '0', '0', 'system:user:list', 'system', 'admin', '2024-06-26 14:24:03', 'admin', '2024-06-28 06:29:47', '');

-- ----------------------------
-- Table structure for sys_notice
-- ----------------------------
DROP TABLE IF EXISTS `sys_notice`;
CREATE TABLE `sys_notice`  (
  `notice_id` int NOT NULL AUTO_INCREMENT COMMENT '公告ID',
  `notice_title` varchar(50) CHARACTER SET utf8mb4 COLLATE utf8mb4_0900_ai_ci NOT NULL COMMENT '公告标题',
  `notice_type` char(1) CHARACTER SET utf8mb4 COLLATE utf8mb4_0900_ai_ci NOT NULL COMMENT '公告类型（1通知 2公告）',
  `notice_content` longblob NULL COMMENT '公告内容',
  `status` char(1) CHARACTER SET utf8mb4 COLLATE utf8mb4_0900_ai_ci NULL DEFAULT '0' COMMENT '公告状态（0正常 1关闭）',
  `create_by` varchar(64) CHARACTER SET utf8mb4 COLLATE utf8mb4_0900_ai_ci NULL DEFAULT '' COMMENT '创建者',
  `create_time` datetime NULL DEFAULT NULL COMMENT '创建时间',
  `update_by` varchar(64) CHARACTER SET utf8mb4 COLLATE utf8mb4_0900_ai_ci NULL DEFAULT '' COMMENT '更新者',
  `update_time` datetime NULL DEFAULT NULL COMMENT '更新时间',
  `remark` varchar(255) CHARACTER SET utf8mb4 COLLATE utf8mb4_0900_ai_ci NULL DEFAULT NULL COMMENT '备注',
  PRIMARY KEY (`notice_id`) USING BTREE
) ENGINE = InnoDB AUTO_INCREMENT = 2 CHARACTER SET = utf8mb4 COLLATE = utf8mb4_0900_ai_ci COMMENT = '通知公告表' ROW_FORMAT = Dynamic;

-- ----------------------------
-- Records of sys_notice
-- ----------------------------
INSERT INTO `sys_notice` VALUES (1, '温馨提醒：2018-07-01 若依新版本发布啦', '2', 0xE696B0E78988E69CACE58685E5AEB9, '0', 'admin', '2024-06-26 08:47:33', '', NULL, '管理员');
INSERT INTO `sys_notice` VALUES (2, '维护通知：2018-07-01 若依系统凌晨维护', '1', 0xE7BBB4E68AA4E58685E5AEB9, '0', 'admin', '2024-06-26 08:47:33', '', NULL, '管理员');

-- ----------------------------
-- Table structure for sys_oper_log
-- ----------------------------
DROP TABLE IF EXISTS `sys_oper_log`;
CREATE TABLE `sys_oper_log`  (
  `oper_id` bigint NOT NULL AUTO_INCREMENT COMMENT '日志主键',
  `title` varchar(50) CHARACTER SET utf8mb4 COLLATE utf8mb4_0900_ai_ci NULL DEFAULT '' COMMENT '模块标题',
  `business_type` int NULL DEFAULT 0 COMMENT '业务类型（0其它 1新增 2修改 3删除）',
  `method` varchar(200) CHARACTER SET utf8mb4 COLLATE utf8mb4_0900_ai_ci NULL DEFAULT '' COMMENT '方法名称',
  `request_method` varchar(10) CHARACTER SET utf8mb4 COLLATE utf8mb4_0900_ai_ci NULL DEFAULT '' COMMENT '请求方式',
  `operator_type` int NULL DEFAULT 0 COMMENT '操作类别（0其它 1后台用户 2手机端用户）',
  `oper_name` varchar(50) CHARACTER SET utf8mb4 COLLATE utf8mb4_0900_ai_ci NULL DEFAULT '' COMMENT '操作人员',
  `dept_name` varchar(50) CHARACTER SET utf8mb4 COLLATE utf8mb4_0900_ai_ci NULL DEFAULT '' COMMENT '部门名称',
  `oper_url` varchar(255) CHARACTER SET utf8mb4 COLLATE utf8mb4_0900_ai_ci NULL DEFAULT '' COMMENT '请求URL',
  `oper_ip` varchar(128) CHARACTER SET utf8mb4 COLLATE utf8mb4_0900_ai_ci NULL DEFAULT '' COMMENT '主机地址',
  `oper_location` varchar(255) CHARACTER SET utf8mb4 COLLATE utf8mb4_0900_ai_ci NULL DEFAULT '' COMMENT '操作地点',
  `oper_param` varchar(2000) CHARACTER SET utf8mb4 COLLATE utf8mb4_0900_ai_ci NULL DEFAULT '' COMMENT '请求参数',
  `json_result` varchar(2000) CHARACTER SET utf8mb4 COLLATE utf8mb4_0900_ai_ci NULL DEFAULT '' COMMENT '返回参数',
  `status` int NULL DEFAULT 0 COMMENT '操作状态（0正常 1异常）',
  `error_msg` varchar(2000) CHARACTER SET utf8mb4 COLLATE utf8mb4_0900_ai_ci NULL DEFAULT '' COMMENT '错误消息',
  `oper_time` datetime NULL DEFAULT NULL COMMENT '操作时间',
  `cost_time` bigint NULL DEFAULT 0 COMMENT '消耗时间',
  PRIMARY KEY (`oper_id`) USING BTREE,
  INDEX `idx_sys_oper_log_bt`(`business_type`) USING BTREE,
  INDEX `idx_sys_oper_log_s`(`status`) USING BTREE,
  INDEX `idx_sys_oper_log_ot`(`oper_time`) USING BTREE
) ENGINE = InnoDB AUTO_INCREMENT = 169 CHARACTER SET = utf8mb4 COLLATE = utf8mb4_0900_ai_ci COMMENT = '操作日志记录' ROW_FORMAT = Dynamic;

-- ----------------------------
-- Records of sys_oper_log
-- ----------------------------
INSERT INTO `sys_oper_log` VALUES (100, '菜单管理', 1, 'com.ruoyi.web.controller.system.SysMenuController.add()', 'POST', 1, 'admin', '研发部门', '/system/menu', '127.0.0.1', '内网IP', '{\"children\":[],\"createBy\":\"admin\",\"icon\":\"message\",\"isCache\":\"0\",\"isFrame\":\"1\",\"menuName\":\"智能客服\",\"menuType\":\"M\",\"orderNum\":0,\"params\":{},\"parentId\":0,\"path\":\"system-chat\",\"status\":\"0\",\"visible\":\"0\"}', '{\"msg\":\"操作成功\",\"code\":200}', 0, NULL, '2024-06-26 08:58:15', 21);
INSERT INTO `sys_oper_log` VALUES (101, '菜单管理', 1, 'com.ruoyi.web.controller.system.SysMenuController.add()', 'POST', 1, 'admin', '研发部门', '/system/menu', '127.0.0.1', '内网IP', '{\"children\":[],\"component\":\"ai/chat/knowledge\",\"createBy\":\"admin\",\"icon\":\"log\",\"isCache\":\"0\",\"isFrame\":\"1\",\"menuName\":\"知识库管理\",\"menuType\":\"C\",\"orderNum\":1,\"params\":{},\"parentId\":2000,\"path\":\"chat-manage\",\"perms\":\"system:user:list\",\"status\":\"0\",\"visible\":\"0\"}', '{\"msg\":\"操作成功\",\"code\":200}', 0, NULL, '2024-06-26 09:04:05', 11);
INSERT INTO `sys_oper_log` VALUES (102, '代码生成', 6, 'com.atguigu.generator.controller.GenController.importTableSave()', 'POST', 1, 'admin', '研发部门', '/tool/gen/importTable', '127.0.0.1', '内网IP', '{\"tables\":\"sys_knowledge,sys_project\"}', '{\"msg\":\"操作成功\",\"code\":200}', 0, NULL, '2024-06-26 13:11:56', 199);
INSERT INTO `sys_oper_log` VALUES (103, '代码生成', 8, 'com.atguigu.generator.controller.GenController.batchGenCode()', 'GET', 1, 'admin', '研发部门', '/tool/gen/batchGenCode', '127.0.0.1', '内网IP', '{\"tables\":\"sys_knowledge,sys_project\"}', NULL, 0, NULL, '2024-06-26 13:12:04', 159);
INSERT INTO `sys_oper_log` VALUES (104, '菜单管理', 1, 'com.atguigu.web.controller.system.SysMenuController.add()', 'POST', 1, 'admin', '研发部门', '/system/menu', '127.0.0.1', '内网IP', '{\"children\":[],\"component\":\"ai/chat/knowledge\",\"createBy\":\"admin\",\"icon\":\"system\",\"isCache\":\"0\",\"isFrame\":\"1\",\"menuName\":\"项目菜单管理\",\"menuType\":\"C\",\"orderNum\":1,\"params\":{},\"parentId\":2000,\"path\":\"chat-project\",\"perms\":\"system:user:list\",\"status\":\"0\",\"visible\":\"0\"}', '{\"msg\":\"操作成功\",\"code\":200}', 0, NULL, '2024-06-26 14:24:03', 22);
INSERT INTO `sys_oper_log` VALUES (105, '菜单管理', 2, 'com.atguigu.web.controller.system.SysMenuController.edit()', 'PUT', 1, 'admin', '研发部门', '/system/menu', '127.0.0.1', '内网IP', '{\"children\":[],\"component\":\"ai/chat/project\",\"createTime\":\"2024-06-26 14:24:03\",\"icon\":\"system\",\"isCache\":\"0\",\"isFrame\":\"1\",\"menuId\":2002,\"menuName\":\"项目参数管理\",\"menuType\":\"C\",\"orderNum\":2,\"params\":{},\"parentId\":2000,\"path\":\"chat-project\",\"perms\":\"system:user:list\",\"status\":\"0\",\"updateBy\":\"admin\",\"visible\":\"0\"}', '{\"msg\":\"操作成功\",\"code\":200}', 0, NULL, '2024-06-26 14:24:39', 12);
INSERT INTO `sys_oper_log` VALUES (106, '菜单管理', 2, 'com.atguigu.web.controller.system.SysMenuController.edit()', 'PUT', 1, 'admin', '研发部门', '/system/menu', '127.0.0.1', '内网IP', '{\"children\":[],\"component\":\"ai/chat/project\",\"createTime\":\"2024-06-26 14:24:03\",\"icon\":\"system\",\"isCache\":\"0\",\"isFrame\":\"1\",\"menuId\":2002,\"menuName\":\"项目参数管理\",\"menuType\":\"C\",\"orderNum\":2,\"params\":{},\"parentId\":2000,\"path\":\"chat-project\",\"perms\":\"system:user:list\",\"status\":\"0\",\"updateBy\":\"admin\",\"visible\":\"0\"}', '{\"msg\":\"操作成功\",\"code\":200}', 0, NULL, '2024-06-26 14:26:46', 10);
INSERT INTO `sys_oper_log` VALUES (107, '项目配置', 3, 'com.atguigu.web.controller.chat.ProjectController.remove()', 'DELETE', 1, 'admin', '研发部门', '/chat/project/100', '127.0.0.1', '内网IP', '{}', '{\"msg\":\"操作成功\",\"code\":200}', 0, NULL, '2024-06-27 01:07:13', 14);
INSERT INTO `sys_oper_log` VALUES (108, '项目配置', 1, 'com.atguigu.web.controller.chat.ProjectController.add()', 'POST', 1, 'admin', '研发部门', '/chat/project/', '127.0.0.1', '内网IP', '{\"createTime\":\"2024-06-27 09:23:39\",\"params\":{},\"projectId\":101,\"projectName\":\"谷粒随想\"}', '{\"msg\":\"操作成功\",\"code\":200}', 0, NULL, '2024-06-27 01:23:39', 115);
INSERT INTO `sys_oper_log` VALUES (109, '项目配置', 3, 'com.atguigu.web.controller.chat.ProjectController.remove()', 'DELETE', 1, 'admin', '研发部门', '/chat/project/101', '127.0.0.1', '内网IP', '{}', '{\"msg\":\"操作成功\",\"code\":200}', 0, NULL, '2024-06-27 01:24:00', 9);
INSERT INTO `sys_oper_log` VALUES (110, '项目配置', 1, 'com.atguigu.web.controller.chat.ProjectController.add()', 'POST', 1, 'admin', '研发部门', '/chat/project/', '127.0.0.1', '内网IP', '{\"createTime\":\"2024-06-27 09:25:39\",\"params\":{},\"projectId\":102,\"projectName\":\"xxxx\"}', '{\"msg\":\"操作成功\",\"code\":200}', 0, NULL, '2024-06-27 01:25:39', 10);
INSERT INTO `sys_oper_log` VALUES (111, '项目配置', 1, 'com.atguigu.web.controller.chat.ProjectController.add()', 'POST', 1, 'admin', '研发部门', '/chat/project/', '127.0.0.1', '内网IP', '{\"createTime\":\"2024-06-27 09:25:55\",\"params\":{},\"projectId\":103,\"projectName\":\"yyyy\"}', '{\"msg\":\"操作成功\",\"code\":200}', 0, NULL, '2024-06-27 01:25:56', 9);
INSERT INTO `sys_oper_log` VALUES (112, '项目配置', 1, 'com.atguigu.web.controller.chat.ProjectController.add()', 'POST', 1, 'admin', '研发部门', '/chat/project/', '127.0.0.1', '内网IP', '{\"createTime\":\"2024-06-27 09:27:08\",\"params\":{},\"projectId\":104,\"projectName\":\"xxxx\"}', '{\"msg\":\"操作成功\",\"code\":200}', 0, NULL, '2024-06-27 01:27:08', 13);
INSERT INTO `sys_oper_log` VALUES (113, '项目配置', 1, 'com.atguigu.web.controller.chat.ProjectController.add()', 'POST', 1, 'admin', '研发部门', '/chat/project/', '127.0.0.1', '内网IP', '{\"createTime\":\"2024-06-27 09:27:57\",\"model\":\"gpt-3.5-turbo\",\"params\":{},\"projectId\":105,\"projectName\":\"zzzzzz\",\"type\":\"openai\"}', '{\"msg\":\"操作成功\",\"code\":200}', 0, NULL, '2024-06-27 01:27:57', 115);
INSERT INTO `sys_oper_log` VALUES (114, '项目配置', 3, 'com.atguigu.web.controller.chat.ProjectController.remove()', 'DELETE', 1, 'admin', '研发部门', '/chat/project/102', '127.0.0.1', '内网IP', '{}', '{\"msg\":\"操作成功\",\"code\":200}', 0, NULL, '2024-06-27 01:32:01', 19);
INSERT INTO `sys_oper_log` VALUES (115, '项目配置', 3, 'com.atguigu.web.controller.chat.ProjectController.remove()', 'DELETE', 1, 'admin', '研发部门', '/chat/project/103', '127.0.0.1', '内网IP', '{}', '{\"msg\":\"操作成功\",\"code\":200}', 0, NULL, '2024-06-27 01:32:03', 8);
INSERT INTO `sys_oper_log` VALUES (116, '项目配置', 3, 'com.atguigu.web.controller.chat.ProjectController.remove()', 'DELETE', 1, 'admin', '研发部门', '/chat/project/104,105', '127.0.0.1', '内网IP', '{}', '{\"msg\":\"操作成功\",\"code\":200}', 0, NULL, '2024-06-27 01:32:06', 10);
INSERT INTO `sys_oper_log` VALUES (117, '项目配置', 1, 'com.atguigu.web.controller.chat.ProjectController.add()', 'POST', 1, 'admin', '研发部门', '/chat/project/', '127.0.0.1', '内网IP', '{\"createTime\":\"2024-06-27 09:32:23\",\"model\":\"gpt-3.5-turbo\",\"params\":{},\"projectId\":107,\"projectName\":\"xxxx\",\"type\":\"openai\"}', '{\"msg\":\"操作成功\",\"code\":200}', 0, NULL, '2024-06-27 01:32:24', 11911);
INSERT INTO `sys_oper_log` VALUES (118, '项目配置', 1, 'com.atguigu.web.controller.chat.ProjectController.add()', 'POST', 1, 'admin', '研发部门', '/chat/project/', '127.0.0.1', '内网IP', '{\"createTime\":\"2024-06-27 09:32:24\",\"model\":\"gpt-3.5-turbo\",\"params\":{},\"projectId\":106,\"projectName\":\"xxxx\",\"type\":\"openai\"}', '{\"msg\":\"操作成功\",\"code\":200}', 0, NULL, '2024-06-27 01:32:24', 1110);
INSERT INTO `sys_oper_log` VALUES (119, '项目配置', 3, 'com.atguigu.web.controller.chat.ProjectController.remove()', 'DELETE', 1, 'admin', '研发部门', '/chat/project/107', '127.0.0.1', '内网IP', '{}', '{\"msg\":\"操作成功\",\"code\":200}', 0, NULL, '2024-06-27 01:46:44', 12);
INSERT INTO `sys_oper_log` VALUES (120, '项目配置', 1, 'com.atguigu.web.controller.chat.ProjectController.add()', 'POST', 1, 'admin', '研发部门', '/chat/project/', '127.0.0.1', '内网IP', '{\"model\":\"gpt-3.5-turbo\",\"params\":{},\"projectName\":\"xxxx\",\"type\":\"openai\"}', NULL, 1, '\r\n### Error querying database.  Cause: java.sql.SQLSyntaxErrorException: Unknown column \'projectName\' in \'where clause\'\r\n### The error may exist in file [D:\\project\\xiaogu\\guli-system\\target\\classes\\mapper\\system\\SysProjectMapper.xml]\r\n### The error may involve com.atguigu.system.mapper.SysProjectMapper.checkProjectNameUnique-Inline\r\n### The error occurred while setting parameters\r\n### SQL: select project_id, project_name, type, model, create_by, create_time, update_by, update_time, remark from sys_project               where projectName=? limit 1\r\n### Cause: java.sql.SQLSyntaxErrorException: Unknown column \'projectName\' in \'where clause\'\n; bad SQL grammar []; nested exception is java.sql.SQLSyntaxErrorException: Unknown column \'projectName\' in \'where clause\'', '2024-06-27 01:46:49', 39);
INSERT INTO `sys_oper_log` VALUES (121, '项目配置', 1, 'com.atguigu.web.controller.chat.ProjectController.add()', 'POST', 1, 'admin', '研发部门', '/chat/project/', '127.0.0.1', '内网IP', '{\"model\":\"gpt-3.5-turbo\",\"params\":{},\"projectName\":\"xxxx\",\"type\":\"openai\"}', '{\"msg\":\"新增项目\'xxxx\'失败，项目名称已存在\",\"code\":500}', 0, NULL, '2024-06-27 01:47:48', 15);
INSERT INTO `sys_oper_log` VALUES (122, '项目配置', 1, 'com.atguigu.web.controller.chat.ProjectController.add()', 'POST', 1, 'admin', '研发部门', '/chat/project/', '127.0.0.1', '内网IP', '{\"createBy\":\"admin\",\"createTime\":\"2024-06-27 09:47:56\",\"model\":\"gpt-3.5-turbo\",\"params\":{},\"projectId\":108,\"projectName\":\"yyyy\",\"type\":\"openai\"}', '{\"msg\":\"操作成功\",\"code\":200}', 0, NULL, '2024-06-27 01:47:56', 17);
INSERT INTO `sys_oper_log` VALUES (123, '项目配置', 1, 'com.atguigu.web.controller.chat.ProjectController.add()', 'POST', 1, 'admin', '研发部门', '/chat/project/', '127.0.0.1', '内网IP', '{\"createBy\":\"admin\",\"createTime\":\"2024-06-27 09:48:25\",\"model\":\"gpt-3.5-turbo\",\"params\":{},\"projectId\":109,\"projectName\":\"谷粒随享\",\"type\":\"openai\"}', '{\"msg\":\"操作成功\",\"code\":200}', 0, NULL, '2024-06-27 01:48:25', 11);
INSERT INTO `sys_oper_log` VALUES (124, '项目配置', 3, 'com.atguigu.web.controller.chat.ProjectController.remove()', 'DELETE', 1, 'admin', '研发部门', '/chat/project/106', '127.0.0.1', '内网IP', '{}', '{\"msg\":\"操作成功\",\"code\":200}', 0, NULL, '2024-06-27 01:48:29', 12);
INSERT INTO `sys_oper_log` VALUES (125, '项目配置', 2, 'com.atguigu.web.controller.chat.ProjectController.edit()', 'PUT', 1, 'admin', '研发部门', '/chat/project/', '127.0.0.1', '内网IP', '{\"createBy\":\"admin\",\"createTime\":\"2024-06-27 09:47:57\",\"model\":\"gpt-3.5-turbo\",\"params\":{},\"projectId\":108,\"projectName\":\"yyyy\",\"type\":\"openai\",\"updateBy\":\"\",\"updateTime\":\"2024-06-27 10:08:28\"}', '{\"msg\":\"操作成功\",\"code\":200}', 0, NULL, '2024-06-27 02:08:28', 8);
INSERT INTO `sys_oper_log` VALUES (126, '项目配置', 2, 'com.atguigu.web.controller.chat.ProjectController.edit()', 'PUT', 1, 'admin', '研发部门', '/chat/project/', '127.0.0.1', '内网IP', '{\"createBy\":\"admin\",\"createTime\":\"2024-06-27 09:47:57\",\"model\":\"gpt-3.5-turbo\",\"params\":{},\"projectId\":108,\"projectName\":\"yyyy\",\"type\":\"openai\",\"updateBy\":\"\",\"updateTime\":\"2024-06-27 10:08:34\"}', '{\"msg\":\"操作成功\",\"code\":200}', 0, NULL, '2024-06-27 02:08:34', 8);
INSERT INTO `sys_oper_log` VALUES (127, '项目配置', 2, 'com.atguigu.web.controller.chat.ProjectController.edit()', 'PUT', 1, 'admin', '研发部门', '/chat/project/', '127.0.0.1', '内网IP', '{\"createBy\":\"admin\",\"createTime\":\"2024-06-27 09:47:57\",\"model\":\"gpt-3.5-turbo\",\"params\":{},\"projectId\":108,\"projectName\":\"yyyy1\",\"type\":\"openai\",\"updateBy\":\"\",\"updateTime\":\"2024-06-27 10:10:56\"}', '{\"msg\":\"操作成功\",\"code\":200}', 0, NULL, '2024-06-27 02:10:56', 7);
INSERT INTO `sys_oper_log` VALUES (128, '项目配置', 2, 'com.atguigu.web.controller.chat.ProjectController.edit()', 'PUT', 1, 'admin', '研发部门', '/chat/project/', '127.0.0.1', '内网IP', '{\"createBy\":\"admin\",\"createTime\":\"2024-06-27 09:47:57\",\"model\":\"gpt-3.5-turbo\",\"params\":{},\"projectId\":108,\"projectName\":\"yyyy\",\"type\":\"openai\",\"updateBy\":\"\",\"updateTime\":\"2024-06-27 10:11:06\"}', '{\"msg\":\"操作成功\",\"code\":200}', 0, NULL, '2024-06-27 02:11:06', 17);
INSERT INTO `sys_oper_log` VALUES (129, '项目配置', 2, 'com.atguigu.web.controller.chat.ProjectController.edit()', 'PUT', 1, 'admin', '研发部门', '/chat/project/', '127.0.0.1', '内网IP', '{\"createBy\":\"admin\",\"createTime\":\"2024-06-27 09:47:57\",\"model\":\"gpt-3.5-turbo\",\"params\":{},\"projectId\":108,\"projectName\":\"yyyyx\",\"type\":\"openai\",\"updateBy\":\"\",\"updateTime\":\"2024-06-27 10:16:41\"}', '{\"msg\":\"操作成功\",\"code\":200}', 0, NULL, '2024-06-27 02:16:41', 9);
INSERT INTO `sys_oper_log` VALUES (130, '项目配置', 1, 'com.atguigu.web.controller.chat.ProjectController.add()', 'POST', 1, 'admin', '研发部门', '/chat/project/', '127.0.0.1', '内网IP', '{\"createBy\":\"admin\",\"createTime\":\"2024-06-27 10:17:05\",\"model\":\"qwen2:7b\",\"params\":{},\"projectId\":110,\"projectName\":\"zzz\",\"type\":\"ollama\"}', '{\"msg\":\"操作成功\",\"code\":200}', 0, NULL, '2024-06-27 02:17:05', 10);
INSERT INTO `sys_oper_log` VALUES (131, '项目配置', 1, 'com.atguigu.web.controller.chat.ProjectController.add()', 'POST', 1, 'admin', '研发部门', '/chat/project/', '127.0.0.1', '内网IP', '{\"createBy\":\"admin\",\"createTime\":\"2024-06-27 10:22:30\",\"model\":\"qwen2:7b\",\"params\":{},\"projectId\":111,\"projectName\":\"xxxxx\",\"type\":\"ollama\"}', '{\"msg\":\"操作成功\",\"code\":200}', 0, NULL, '2024-06-27 02:22:30', 10);
INSERT INTO `sys_oper_log` VALUES (132, '项目配置', 3, 'com.atguigu.web.controller.chat.ProjectController.remove()', 'DELETE', 1, 'admin', '研发部门', '/chat/project/111', '127.0.0.1', '内网IP', '{}', '{\"msg\":\"操作成功\",\"code\":200}', 0, NULL, '2024-06-27 02:24:34', 8);
INSERT INTO `sys_oper_log` VALUES (133, '项目配置', 2, 'com.atguigu.web.controller.chat.ProjectController.edit()', 'PUT', 1, 'admin', '研发部门', '/chat/project/', '127.0.0.1', '内网IP', '{\"createBy\":\"admin\",\"createTime\":\"2024-06-27 10:17:05\",\"model\":\"gpt-3.5-turbo\",\"params\":{},\"projectId\":110,\"projectName\":\"zzz1\",\"type\":\"openai\",\"updateBy\":\"\",\"updateTime\":\"2024-06-27 10:29:06\"}', '{\"msg\":\"操作成功\",\"code\":200}', 0, NULL, '2024-06-27 02:29:06', 19);
INSERT INTO `sys_oper_log` VALUES (134, '代码生成', 3, 'com.atguigu.generator.controller.GenController.remove()', 'DELETE', 1, 'admin', '研发部门', '/tool/gen/1', '127.0.0.1', '内网IP', '{}', '{\"msg\":\"操作成功\",\"code\":200}', 0, NULL, '2024-06-27 10:24:27', 26);
INSERT INTO `sys_oper_log` VALUES (135, '代码生成', 3, 'com.atguigu.generator.controller.GenController.remove()', 'DELETE', 1, 'admin', '研发部门', '/tool/gen/2', '127.0.0.1', '内网IP', '{}', '{\"msg\":\"操作成功\",\"code\":200}', 0, NULL, '2024-06-27 10:24:29', 14);
INSERT INTO `sys_oper_log` VALUES (136, '代码生成', 6, 'com.atguigu.generator.controller.GenController.importTableSave()', 'POST', 1, 'admin', '研发部门', '/tool/gen/importTable', '127.0.0.1', '内网IP', '{\"tables\":\"chat_knowledge,chat_project\"}', '{\"msg\":\"操作成功\",\"code\":200}', 0, NULL, '2024-06-27 10:24:38', 108);
INSERT INTO `sys_oper_log` VALUES (137, '代码生成', 8, 'com.atguigu.generator.controller.GenController.batchGenCode()', 'GET', 1, 'admin', '研发部门', '/tool/gen/batchGenCode', '127.0.0.1', '内网IP', '{\"tables\":\"chat_knowledge,chat_project\"}', NULL, 0, NULL, '2024-06-27 10:24:41', 179);
INSERT INTO `sys_oper_log` VALUES (138, '菜单管理', 2, 'com.atguigu.web.controller.system.SysMenuController.edit()', 'PUT', 1, 'admin', '研发部门', '/system/menu', '127.0.0.1', '内网IP', '{\"children\":[],\"component\":\"chat/knowledge\",\"createTime\":\"2024-06-26 09:04:05\",\"icon\":\"log\",\"isCache\":\"0\",\"isFrame\":\"1\",\"menuId\":2001,\"menuName\":\"知识库管理\",\"menuType\":\"C\",\"orderNum\":1,\"params\":{},\"parentId\":2000,\"path\":\"chat-manage\",\"perms\":\"system:user:list\",\"status\":\"0\",\"updateBy\":\"admin\",\"visible\":\"0\"}', '{\"msg\":\"操作成功\",\"code\":200}', 0, NULL, '2024-06-27 10:32:10', 18);
INSERT INTO `sys_oper_log` VALUES (139, '菜单管理', 2, 'com.atguigu.web.controller.system.SysMenuController.edit()', 'PUT', 1, 'admin', '研发部门', '/system/menu', '127.0.0.1', '内网IP', '{\"children\":[],\"component\":\"chat/project\",\"createTime\":\"2024-06-26 14:24:03\",\"icon\":\"system\",\"isCache\":\"0\",\"isFrame\":\"1\",\"menuId\":2002,\"menuName\":\"项目参数管理\",\"menuType\":\"C\",\"orderNum\":2,\"params\":{},\"parentId\":2000,\"path\":\"chat-project\",\"perms\":\"system:user:list\",\"status\":\"0\",\"updateBy\":\"admin\",\"visible\":\"0\"}', '{\"msg\":\"操作成功\",\"code\":200}', 0, NULL, '2024-06-27 10:32:18', 11);
INSERT INTO `sys_oper_log` VALUES (140, '项目配置', 1, 'com.atguigu.web.controller.chat.ChatProjectController.add()', 'POST', 1, 'admin', '研发部门', '/chat/project/', '127.0.0.1', '内网IP', '{\"createTime\":\"2024-06-27 18:37:09\",\"model\":\"qwen2:7b\",\"params\":{},\"projectId\":112,\"projectName\":\"xxxx\",\"type\":\"ollama\"}', '{\"msg\":\"操作成功\",\"code\":200}', 0, NULL, '2024-06-27 10:37:10', 110);
INSERT INTO `sys_oper_log` VALUES (141, '项目配置', 2, 'com.atguigu.web.controller.chat.ChatProjectController.edit()', 'PUT', 1, 'admin', '研发部门', '/chat/project/', '127.0.0.1', '内网IP', '{\"createBy\":\"\",\"createTime\":\"2024-06-27 18:37:10\",\"model\":\"gpt-3.5-turbo\",\"params\":{},\"projectId\":112,\"projectName\":\"xxxx11\",\"type\":\"openai\",\"updateBy\":\"\",\"updateTime\":\"2024-06-27 18:37:20\"}', '{\"msg\":\"操作成功\",\"code\":200}', 0, NULL, '2024-06-27 10:37:20', 9);
INSERT INTO `sys_oper_log` VALUES (142, '项目配置', 3, 'com.atguigu.web.controller.chat.ChatProjectController.remove()', 'DELETE', 1, 'admin', '研发部门', '/chat/project/112', '127.0.0.1', '内网IP', '{}', '{\"msg\":\"操作成功\",\"code\":200}', 0, NULL, '2024-06-27 10:37:37', 12);
INSERT INTO `sys_oper_log` VALUES (143, '项目配置', 3, 'com.atguigu.web.controller.chat.ChatProjectController.remove()', 'DELETE', 1, 'admin', '研发部门', '/chat/project/110', '127.0.0.1', '内网IP', '{}', '{\"msg\":\"操作成功\",\"code\":200}', 0, NULL, '2024-06-27 10:37:47', 9);
INSERT INTO `sys_oper_log` VALUES (144, '项目配置', 3, 'com.atguigu.web.controller.chat.ChatProjectController.remove()', 'DELETE', 1, 'admin', '研发部门', '/chat/project/108', '127.0.0.1', '内网IP', '{}', '{\"msg\":\"操作成功\",\"code\":200}', 0, NULL, '2024-06-27 10:37:50', 7);
INSERT INTO `sys_oper_log` VALUES (145, '菜单管理', 2, 'com.atguigu.web.controller.system.SysMenuController.edit()', 'PUT', 1, 'admin', '研发部门', '/system/menu', '127.0.0.1', '内网IP', '{\"children\":[],\"component\":\"chat/project\",\"createTime\":\"2024-06-26 14:24:03\",\"icon\":\"system\",\"isCache\":\"0\",\"isFrame\":\"1\",\"menuId\":2002,\"menuName\":\"项目参数管理\",\"menuType\":\"C\",\"orderNum\":1,\"params\":{},\"parentId\":2000,\"path\":\"chat-project\",\"perms\":\"system:user:list\",\"status\":\"0\",\"updateBy\":\"admin\",\"visible\":\"0\"}', '{\"msg\":\"操作成功\",\"code\":200}', 0, NULL, '2024-06-28 06:28:59', 26);
INSERT INTO `sys_oper_log` VALUES (146, '菜单管理', 2, 'com.atguigu.web.controller.system.SysMenuController.edit()', 'PUT', 1, 'admin', '研发部门', '/system/menu', '127.0.0.1', '内网IP', '{\"children\":[],\"component\":\"chat/knowledge\",\"createTime\":\"2024-06-26 09:04:05\",\"icon\":\"log\",\"isCache\":\"0\",\"isFrame\":\"1\",\"menuId\":2001,\"menuName\":\"知识库管理\",\"menuType\":\"C\",\"orderNum\":2,\"params\":{},\"parentId\":2000,\"path\":\"chat-manage\",\"perms\":\"system:user:list\",\"status\":\"0\",\"updateBy\":\"admin\",\"visible\":\"0\"}', '{\"msg\":\"操作成功\",\"code\":200}', 0, NULL, '2024-06-28 06:29:13', 11);
INSERT INTO `sys_oper_log` VALUES (147, '菜单管理', 2, 'com.atguigu.web.controller.system.SysMenuController.edit()', 'PUT', 1, 'admin', '研发部门', '/system/menu', '127.0.0.1', '内网IP', '{\"children\":[],\"component\":\"chat/project\",\"createTime\":\"2024-06-26 14:24:03\",\"icon\":\"system\",\"isCache\":\"0\",\"isFrame\":\"1\",\"menuId\":2002,\"menuName\":\"项目管理\",\"menuType\":\"C\",\"orderNum\":1,\"params\":{},\"parentId\":2000,\"path\":\"chat-project\",\"perms\":\"system:user:list\",\"status\":\"0\",\"updateBy\":\"admin\",\"visible\":\"0\"}', '{\"msg\":\"操作成功\",\"code\":200}', 0, NULL, '2024-06-28 06:29:47', 10);
INSERT INTO `sys_oper_log` VALUES (148, '项目配置', 1, 'com.atguigu.web.controller.chat.ChatProjectController.add()', 'POST', 1, 'admin', '研发部门', '/chat/project', '127.0.0.1', '内网IP', '{\"createTime\":\"2024-06-28 14:34:48\",\"model\":\"gpt-3.5-turbo\",\"params\":{},\"projectId\":113,\"projectName\":\"谷粒商城\",\"type\":\"openai\"}', '{\"msg\":\"操作成功\",\"code\":200}', 0, NULL, '2024-06-28 06:34:48', 18);
INSERT INTO `sys_oper_log` VALUES (149, '项目配置', 1, 'com.atguigu.web.controller.chat.ChatProjectController.add()', 'POST', 1, 'admin', '研发部门', '/chat/project', '127.0.0.1', '内网IP', '{\"createTime\":\"2024-06-28 14:35:04\",\"model\":\"qwen2:7b\",\"params\":{},\"projectId\":114,\"projectName\":\"小谷同学\",\"type\":\"ollama\"}', '{\"msg\":\"操作成功\",\"code\":200}', 0, NULL, '2024-06-28 06:35:04', 9);
INSERT INTO `sys_oper_log` VALUES (150, '菜单管理', 3, 'com.atguigu.web.controller.system.SysMenuController.remove()', 'DELETE', 1, 'admin', '研发部门', '/system/menu/4', '127.0.0.1', '内网IP', '{}', '{\"msg\":\"菜单已分配,不允许删除\",\"code\":601}', 0, NULL, '2024-06-28 06:38:46', 9);
INSERT INTO `sys_oper_log` VALUES (151, '项目配置', 1, 'com.atguigu.web.controller.chat.ChatProjectController.add()', 'POST', 1, 'admin', '研发部门', '/chat/project', '127.0.0.1', '内网IP', '{\"createTime\":\"2024-06-28 15:43:20\",\"model\":\"gpt-3.5-turbo\",\"params\":{},\"projectId\":115,\"type\":\"openai\"}', '{\"msg\":\"操作成功\",\"code\":200}', 0, NULL, '2024-06-28 07:43:20', 27);
INSERT INTO `sys_oper_log` VALUES (152, '项目配置', 3, 'com.atguigu.web.controller.chat.ChatProjectController.remove()', 'DELETE', 1, 'admin', '研发部门', '/chat/project/115', '127.0.0.1', '内网IP', '{}', '{\"msg\":\"操作成功\",\"code\":200}', 0, NULL, '2024-06-28 07:45:18', 11);
INSERT INTO `sys_oper_log` VALUES (153, '知识库管理', 3, 'com.atguigu.web.controller.chat.ChatKnowledgeController.remove()', 'DELETE', 1, 'admin', '研发部门', '/chat/knowledge', '127.0.0.1', '内网IP', '{}', NULL, 1, 'Cannot invoke \"com.atguigu.chat.domain.ChatProject.getType()\" because \"project\" is null', '2024-06-28 11:50:24', 16);
INSERT INTO `sys_oper_log` VALUES (154, '知识库管理', 3, 'com.atguigu.web.controller.chat.ChatKnowledgeController.remove()', 'DELETE', 1, 'admin', '研发部门', '/chat/knowledge', '127.0.0.1', '内网IP', '{}', NULL, 1, 'Cannot invoke \"com.atguigu.chat.domain.ChatProject.getType()\" because \"project\" is null', '2024-06-28 11:50:36', 7);
INSERT INTO `sys_oper_log` VALUES (155, '知识库管理', 3, 'com.atguigu.web.controller.chat.ChatKnowledgeController.remove()', 'DELETE', 1, 'admin', '研发部门', '/chat/knowledge', '127.0.0.1', '内网IP', '{}', NULL, 1, 'Cannot invoke \"com.atguigu.chat.domain.ChatProject.getType()\" because \"project\" is null', '2024-06-28 11:52:59', 10066);
INSERT INTO `sys_oper_log` VALUES (156, '知识库管理', 3, 'com.atguigu.web.controller.chat.ChatKnowledgeController.remove()', 'DELETE', 1, 'admin', '研发部门', '/chat/knowledge', '127.0.0.1', '内网IP', '{}', NULL, 1, 'Cannot invoke \"com.atguigu.chat.domain.ChatProject.getType()\" because \"project\" is null', '2024-06-28 11:53:42', 31202);
INSERT INTO `sys_oper_log` VALUES (157, '知识库管理', 3, 'com.atguigu.web.controller.chat.ChatKnowledgeController.remove()', 'DELETE', 1, 'admin', '研发部门', '/chat/knowledge', '127.0.0.1', '内网IP', '{}', '{\"msg\":\"操作成功\",\"code\":200}', 0, NULL, '2024-06-28 11:56:18', 12057);
INSERT INTO `sys_oper_log` VALUES (158, '项目配置', 1, 'com.atguigu.web.controller.chat.ChatProjectController.add()', 'POST', 1, 'admin', '研发部门', '/chat/project', '127.0.0.1', '内网IP', '{\"createTime\":\"2024-06-28 20:12:30\",\"model\":\"qwen2:7b\",\"params\":{},\"projectId\":116,\"projectName\":\"xxxxx\",\"type\":\"ollama\"}', '{\"msg\":\"操作成功\",\"code\":200}', 0, NULL, '2024-06-28 12:12:30', 18);
INSERT INTO `sys_oper_log` VALUES (159, '项目配置', 3, 'com.atguigu.web.controller.chat.ChatProjectController.remove()', 'DELETE', 1, 'admin', '研发部门', '/chat/project/116', '127.0.0.1', '内网IP', '{}', '{\"msg\":\"操作成功\",\"code\":200}', 0, NULL, '2024-07-01 02:50:07', 14);
INSERT INTO `sys_oper_log` VALUES (160, '项目配置', 3, 'com.atguigu.web.controller.chat.ChatProjectController.remove()', 'DELETE', 1, 'admin', '研发部门', '/chat/project/109', '127.0.0.1', '内网IP', '{}', '{\"msg\":\"操作成功\",\"code\":200}', 0, NULL, '2024-07-01 02:50:10', 7);
INSERT INTO `sys_oper_log` VALUES (161, '项目配置', 3, 'com.atguigu.web.controller.chat.ChatProjectController.remove()', 'DELETE', 1, 'admin', '研发部门', '/chat/project/113', '127.0.0.1', '内网IP', '{}', '{\"msg\":\"操作成功\",\"code\":200}', 0, NULL, '2024-07-01 02:50:12', 6);
INSERT INTO `sys_oper_log` VALUES (162, '项目配置', 1, 'com.atguigu.web.controller.chat.ChatProjectController.add()', 'POST', 1, 'admin', '研发部门', '/chat/project', '127.0.0.1', '内网IP', '{\"createTime\":\"2024-07-01 10:50:25\",\"model\":\"qwen2:7b\",\"params\":{},\"projectId\":117,\"projectName\":\"谷粒商城\",\"type\":\"ollama\"}', '{\"msg\":\"操作成功\",\"code\":200}', 0, NULL, '2024-07-01 02:50:25', 16);
INSERT INTO `sys_oper_log` VALUES (163, '项目配置', 1, 'com.atguigu.web.controller.chat.ChatProjectController.add()', 'POST', 1, 'admin', '研发部门', '/chat/project', '127.0.0.1', '内网IP', '{\"createTime\":\"2024-07-01 10:50:49\",\"model\":\"gpt-3.5-turbo\",\"params\":{},\"projectId\":118,\"projectName\":\"谷粒随享\",\"type\":\"openai\"}', '{\"msg\":\"操作成功\",\"code\":200}', 0, NULL, '2024-07-01 02:50:50', 7);
INSERT INTO `sys_oper_log` VALUES (164, '知识库管理', 3, 'com.atguigu.web.controller.chat.ChatKnowledgeController.remove()', 'DELETE', 1, 'admin', '研发部门', '/chat/knowledge', '127.0.0.1', '内网IP', '{}', NULL, 1, 'Cannot invoke \"com.atguigu.chat.domain.ChatProject.getType()\" because \"project\" is null', '2024-07-01 02:51:45', 8);
INSERT INTO `sys_oper_log` VALUES (165, '知识库管理', 3, 'com.atguigu.web.controller.chat.ChatKnowledgeController.remove()', 'DELETE', 1, 'admin', '研发部门', '/chat/knowledge', '127.0.0.1', '内网IP', '{}', NULL, 1, 'Cannot invoke \"com.atguigu.chat.domain.ChatProject.getType()\" because \"project\" is null', '2024-07-01 02:53:19', 8);
INSERT INTO `sys_oper_log` VALUES (166, '知识库管理', 3, 'com.atguigu.web.controller.chat.ChatKnowledgeController.remove()', 'DELETE', 1, 'admin', '研发部门', '/chat/knowledge', '127.0.0.1', '内网IP', '{}', '{\"msg\":\"操作失败\",\"code\":500}', 0, NULL, '2024-07-01 02:54:38', 17);
INSERT INTO `sys_oper_log` VALUES (167, '知识库管理', 3, 'com.atguigu.web.controller.chat.ChatKnowledgeController.remove()', 'DELETE', 1, 'admin', '研发部门', '/chat/knowledge', '127.0.0.1', '内网IP', '{}', '{\"msg\":\"操作失败\",\"code\":500}', 0, NULL, '2024-07-01 02:55:15', 35);
INSERT INTO `sys_oper_log` VALUES (168, '知识库管理', 3, 'com.atguigu.web.controller.chat.ChatKnowledgeController.remove()', 'DELETE', 1, 'admin', '研发部门', '/chat/knowledge', '127.0.0.1', '内网IP', '{}', '{\"msg\":\"操作失败\",\"code\":500}', 0, NULL, '2024-07-01 02:56:55', 11);
INSERT INTO `sys_oper_log` VALUES (169, '项目配置', 1, 'com.atguigu.web.controller.chat.ChatProjectController.add()', 'POST', 1, 'admin', '研发部门', '/chat/project', '127.0.0.1', '内网IP', '{\"createTime\":\"2024-07-01 16:27:01\",\"model\":\"gpt-3.5-turbo\",\"params\":{},\"projectId\":119,\"projectName\":\"在线教育\",\"type\":\"openai\"}', '{\"msg\":\"操作成功\",\"code\":200}', 0, NULL, '2024-07-01 08:27:01', 29);

-- ----------------------------
-- Table structure for sys_post
-- ----------------------------
DROP TABLE IF EXISTS `sys_post`;
CREATE TABLE `sys_post`  (
  `post_id` bigint NOT NULL AUTO_INCREMENT COMMENT '岗位ID',
  `post_code` varchar(64) CHARACTER SET utf8mb4 COLLATE utf8mb4_0900_ai_ci NOT NULL COMMENT '岗位编码',
  `post_name` varchar(50) CHARACTER SET utf8mb4 COLLATE utf8mb4_0900_ai_ci NOT NULL COMMENT '岗位名称',
  `post_sort` int NOT NULL COMMENT '显示顺序',
  `status` char(1) CHARACTER SET utf8mb4 COLLATE utf8mb4_0900_ai_ci NOT NULL COMMENT '状态（0正常 1停用）',
  `create_by` varchar(64) CHARACTER SET utf8mb4 COLLATE utf8mb4_0900_ai_ci NULL DEFAULT '' COMMENT '创建者',
  `create_time` datetime NULL DEFAULT NULL COMMENT '创建时间',
  `update_by` varchar(64) CHARACTER SET utf8mb4 COLLATE utf8mb4_0900_ai_ci NULL DEFAULT '' COMMENT '更新者',
  `update_time` datetime NULL DEFAULT NULL COMMENT '更新时间',
  `remark` varchar(500) CHARACTER SET utf8mb4 COLLATE utf8mb4_0900_ai_ci NULL DEFAULT NULL COMMENT '备注',
  PRIMARY KEY (`post_id`) USING BTREE
) ENGINE = InnoDB AUTO_INCREMENT = 4 CHARACTER SET = utf8mb4 COLLATE = utf8mb4_0900_ai_ci COMMENT = '岗位信息表' ROW_FORMAT = Dynamic;

-- ----------------------------
-- Records of sys_post
-- ----------------------------
INSERT INTO `sys_post` VALUES (1, 'ceo', '董事长', 1, '0', 'admin', '2024-06-26 08:47:33', '', NULL, '');
INSERT INTO `sys_post` VALUES (2, 'se', '项目经理', 2, '0', 'admin', '2024-06-26 08:47:33', '', NULL, '');
INSERT INTO `sys_post` VALUES (3, 'hr', '人力资源', 3, '0', 'admin', '2024-06-26 08:47:33', '', NULL, '');
INSERT INTO `sys_post` VALUES (4, 'user', '普通员工', 4, '0', 'admin', '2024-06-26 08:47:33', '', NULL, '');

-- ----------------------------
-- Table structure for sys_role
-- ----------------------------
DROP TABLE IF EXISTS `sys_role`;
CREATE TABLE `sys_role`  (
  `role_id` bigint NOT NULL AUTO_INCREMENT COMMENT '角色ID',
  `role_name` varchar(30) CHARACTER SET utf8mb4 COLLATE utf8mb4_0900_ai_ci NOT NULL COMMENT '角色名称',
  `role_key` varchar(100) CHARACTER SET utf8mb4 COLLATE utf8mb4_0900_ai_ci NOT NULL COMMENT '角色权限字符串',
  `role_sort` int NOT NULL COMMENT '显示顺序',
  `data_scope` char(1) CHARACTER SET utf8mb4 COLLATE utf8mb4_0900_ai_ci NULL DEFAULT '1' COMMENT '数据范围（1：全部数据权限 2：自定数据权限 3：本部门数据权限 4：本部门及以下数据权限）',
  `menu_check_strictly` tinyint(1) NULL DEFAULT 1 COMMENT '菜单树选择项是否关联显示',
  `dept_check_strictly` tinyint(1) NULL DEFAULT 1 COMMENT '部门树选择项是否关联显示',
  `status` char(1) CHARACTER SET utf8mb4 COLLATE utf8mb4_0900_ai_ci NOT NULL COMMENT '角色状态（0正常 1停用）',
  `del_flag` char(1) CHARACTER SET utf8mb4 COLLATE utf8mb4_0900_ai_ci NULL DEFAULT '0' COMMENT '删除标志（0代表存在 2代表删除）',
  `create_by` varchar(64) CHARACTER SET utf8mb4 COLLATE utf8mb4_0900_ai_ci NULL DEFAULT '' COMMENT '创建者',
  `create_time` datetime NULL DEFAULT NULL COMMENT '创建时间',
  `update_by` varchar(64) CHARACTER SET utf8mb4 COLLATE utf8mb4_0900_ai_ci NULL DEFAULT '' COMMENT '更新者',
  `update_time` datetime NULL DEFAULT NULL COMMENT '更新时间',
  `remark` varchar(500) CHARACTER SET utf8mb4 COLLATE utf8mb4_0900_ai_ci NULL DEFAULT NULL COMMENT '备注',
  PRIMARY KEY (`role_id`) USING BTREE
) ENGINE = InnoDB AUTO_INCREMENT = 100 CHARACTER SET = utf8mb4 COLLATE = utf8mb4_0900_ai_ci COMMENT = '角色信息表' ROW_FORMAT = Dynamic;

-- ----------------------------
-- Records of sys_role
-- ----------------------------
INSERT INTO `sys_role` VALUES (1, '超级管理员', 'admin', 1, '1', 1, 1, '0', '0', 'admin', '2024-06-26 08:47:33', '', NULL, '超级管理员');
INSERT INTO `sys_role` VALUES (2, '普通角色', 'common', 2, '2', 1, 1, '0', '0', 'admin', '2024-06-26 08:47:33', '', NULL, '普通角色');

-- ----------------------------
-- Table structure for sys_role_dept
-- ----------------------------
DROP TABLE IF EXISTS `sys_role_dept`;
CREATE TABLE `sys_role_dept`  (
  `role_id` bigint NOT NULL COMMENT '角色ID',
  `dept_id` bigint NOT NULL COMMENT '部门ID',
  PRIMARY KEY (`role_id`, `dept_id`) USING BTREE
) ENGINE = InnoDB CHARACTER SET = utf8mb4 COLLATE = utf8mb4_0900_ai_ci COMMENT = '角色和部门关联表' ROW_FORMAT = Dynamic;

-- ----------------------------
-- Records of sys_role_dept
-- ----------------------------
INSERT INTO `sys_role_dept` VALUES (2, 100);
INSERT INTO `sys_role_dept` VALUES (2, 101);
INSERT INTO `sys_role_dept` VALUES (2, 105);

-- ----------------------------
-- Table structure for sys_role_menu
-- ----------------------------
DROP TABLE IF EXISTS `sys_role_menu`;
CREATE TABLE `sys_role_menu`  (
  `role_id` bigint NOT NULL COMMENT '角色ID',
  `menu_id` bigint NOT NULL COMMENT '菜单ID',
  PRIMARY KEY (`role_id`, `menu_id`) USING BTREE
) ENGINE = InnoDB CHARACTER SET = utf8mb4 COLLATE = utf8mb4_0900_ai_ci COMMENT = '角色和菜单关联表' ROW_FORMAT = Dynamic;

-- ----------------------------
-- Records of sys_role_menu
-- ----------------------------
INSERT INTO `sys_role_menu` VALUES (2, 1);
INSERT INTO `sys_role_menu` VALUES (2, 2);
INSERT INTO `sys_role_menu` VALUES (2, 3);
INSERT INTO `sys_role_menu` VALUES (2, 4);
INSERT INTO `sys_role_menu` VALUES (2, 100);
INSERT INTO `sys_role_menu` VALUES (2, 101);
INSERT INTO `sys_role_menu` VALUES (2, 102);
INSERT INTO `sys_role_menu` VALUES (2, 103);
INSERT INTO `sys_role_menu` VALUES (2, 104);
INSERT INTO `sys_role_menu` VALUES (2, 105);
INSERT INTO `sys_role_menu` VALUES (2, 106);
INSERT INTO `sys_role_menu` VALUES (2, 107);
INSERT INTO `sys_role_menu` VALUES (2, 108);
INSERT INTO `sys_role_menu` VALUES (2, 109);
INSERT INTO `sys_role_menu` VALUES (2, 110);
INSERT INTO `sys_role_menu` VALUES (2, 111);
INSERT INTO `sys_role_menu` VALUES (2, 112);
INSERT INTO `sys_role_menu` VALUES (2, 113);
INSERT INTO `sys_role_menu` VALUES (2, 114);
INSERT INTO `sys_role_menu` VALUES (2, 115);
INSERT INTO `sys_role_menu` VALUES (2, 116);
INSERT INTO `sys_role_menu` VALUES (2, 117);
INSERT INTO `sys_role_menu` VALUES (2, 500);
INSERT INTO `sys_role_menu` VALUES (2, 501);
INSERT INTO `sys_role_menu` VALUES (2, 1000);
INSERT INTO `sys_role_menu` VALUES (2, 1001);
INSERT INTO `sys_role_menu` VALUES (2, 1002);
INSERT INTO `sys_role_menu` VALUES (2, 1003);
INSERT INTO `sys_role_menu` VALUES (2, 1004);
INSERT INTO `sys_role_menu` VALUES (2, 1005);
INSERT INTO `sys_role_menu` VALUES (2, 1006);
INSERT INTO `sys_role_menu` VALUES (2, 1007);
INSERT INTO `sys_role_menu` VALUES (2, 1008);
INSERT INTO `sys_role_menu` VALUES (2, 1009);
INSERT INTO `sys_role_menu` VALUES (2, 1010);
INSERT INTO `sys_role_menu` VALUES (2, 1011);
INSERT INTO `sys_role_menu` VALUES (2, 1012);
INSERT INTO `sys_role_menu` VALUES (2, 1013);
INSERT INTO `sys_role_menu` VALUES (2, 1014);
INSERT INTO `sys_role_menu` VALUES (2, 1015);
INSERT INTO `sys_role_menu` VALUES (2, 1016);
INSERT INTO `sys_role_menu` VALUES (2, 1017);
INSERT INTO `sys_role_menu` VALUES (2, 1018);
INSERT INTO `sys_role_menu` VALUES (2, 1019);
INSERT INTO `sys_role_menu` VALUES (2, 1020);
INSERT INTO `sys_role_menu` VALUES (2, 1021);
INSERT INTO `sys_role_menu` VALUES (2, 1022);
INSERT INTO `sys_role_menu` VALUES (2, 1023);
INSERT INTO `sys_role_menu` VALUES (2, 1024);
INSERT INTO `sys_role_menu` VALUES (2, 1025);
INSERT INTO `sys_role_menu` VALUES (2, 1026);
INSERT INTO `sys_role_menu` VALUES (2, 1027);
INSERT INTO `sys_role_menu` VALUES (2, 1028);
INSERT INTO `sys_role_menu` VALUES (2, 1029);
INSERT INTO `sys_role_menu` VALUES (2, 1030);
INSERT INTO `sys_role_menu` VALUES (2, 1031);
INSERT INTO `sys_role_menu` VALUES (2, 1032);
INSERT INTO `sys_role_menu` VALUES (2, 1033);
INSERT INTO `sys_role_menu` VALUES (2, 1034);
INSERT INTO `sys_role_menu` VALUES (2, 1035);
INSERT INTO `sys_role_menu` VALUES (2, 1036);
INSERT INTO `sys_role_menu` VALUES (2, 1037);
INSERT INTO `sys_role_menu` VALUES (2, 1038);
INSERT INTO `sys_role_menu` VALUES (2, 1039);
INSERT INTO `sys_role_menu` VALUES (2, 1040);
INSERT INTO `sys_role_menu` VALUES (2, 1041);
INSERT INTO `sys_role_menu` VALUES (2, 1042);
INSERT INTO `sys_role_menu` VALUES (2, 1043);
INSERT INTO `sys_role_menu` VALUES (2, 1044);
INSERT INTO `sys_role_menu` VALUES (2, 1045);
INSERT INTO `sys_role_menu` VALUES (2, 1046);
INSERT INTO `sys_role_menu` VALUES (2, 1047);
INSERT INTO `sys_role_menu` VALUES (2, 1048);
INSERT INTO `sys_role_menu` VALUES (2, 1049);
INSERT INTO `sys_role_menu` VALUES (2, 1050);
INSERT INTO `sys_role_menu` VALUES (2, 1051);
INSERT INTO `sys_role_menu` VALUES (2, 1052);
INSERT INTO `sys_role_menu` VALUES (2, 1053);
INSERT INTO `sys_role_menu` VALUES (2, 1054);
INSERT INTO `sys_role_menu` VALUES (2, 1055);
INSERT INTO `sys_role_menu` VALUES (2, 1056);
INSERT INTO `sys_role_menu` VALUES (2, 1057);
INSERT INTO `sys_role_menu` VALUES (2, 1058);
INSERT INTO `sys_role_menu` VALUES (2, 1059);
INSERT INTO `sys_role_menu` VALUES (2, 1060);

-- ----------------------------
-- Table structure for sys_user
-- ----------------------------
DROP TABLE IF EXISTS `sys_user`;
CREATE TABLE `sys_user`  (
  `user_id` bigint NOT NULL AUTO_INCREMENT COMMENT '用户ID',
  `dept_id` bigint NULL DEFAULT NULL COMMENT '部门ID',
  `user_name` varchar(30) CHARACTER SET utf8mb4 COLLATE utf8mb4_0900_ai_ci NOT NULL COMMENT '用户账号',
  `nick_name` varchar(30) CHARACTER SET utf8mb4 COLLATE utf8mb4_0900_ai_ci NOT NULL COMMENT '用户昵称',
  `user_type` varchar(2) CHARACTER SET utf8mb4 COLLATE utf8mb4_0900_ai_ci NULL DEFAULT '00' COMMENT '用户类型（00系统用户）',
  `email` varchar(50) CHARACTER SET utf8mb4 COLLATE utf8mb4_0900_ai_ci NULL DEFAULT '' COMMENT '用户邮箱',
  `phonenumber` varchar(11) CHARACTER SET utf8mb4 COLLATE utf8mb4_0900_ai_ci NULL DEFAULT '' COMMENT '手机号码',
  `sex` char(1) CHARACTER SET utf8mb4 COLLATE utf8mb4_0900_ai_ci NULL DEFAULT '0' COMMENT '用户性别（0男 1女 2未知）',
  `avatar` varchar(100) CHARACTER SET utf8mb4 COLLATE utf8mb4_0900_ai_ci NULL DEFAULT '' COMMENT '头像地址',
  `password` varchar(100) CHARACTER SET utf8mb4 COLLATE utf8mb4_0900_ai_ci NULL DEFAULT '' COMMENT '密码',
  `status` char(1) CHARACTER SET utf8mb4 COLLATE utf8mb4_0900_ai_ci NULL DEFAULT '0' COMMENT '帐号状态（0正常 1停用）',
  `del_flag` char(1) CHARACTER SET utf8mb4 COLLATE utf8mb4_0900_ai_ci NULL DEFAULT '0' COMMENT '删除标志（0代表存在 2代表删除）',
  `login_ip` varchar(128) CHARACTER SET utf8mb4 COLLATE utf8mb4_0900_ai_ci NULL DEFAULT '' COMMENT '最后登录IP',
  `login_date` datetime NULL DEFAULT NULL COMMENT '最后登录时间',
  `create_by` varchar(64) CHARACTER SET utf8mb4 COLLATE utf8mb4_0900_ai_ci NULL DEFAULT '' COMMENT '创建者',
  `create_time` datetime NULL DEFAULT NULL COMMENT '创建时间',
  `update_by` varchar(64) CHARACTER SET utf8mb4 COLLATE utf8mb4_0900_ai_ci NULL DEFAULT '' COMMENT '更新者',
  `update_time` datetime NULL DEFAULT NULL COMMENT '更新时间',
  `remark` varchar(500) CHARACTER SET utf8mb4 COLLATE utf8mb4_0900_ai_ci NULL DEFAULT NULL COMMENT '备注',
  PRIMARY KEY (`user_id`) USING BTREE
) ENGINE = InnoDB AUTO_INCREMENT = 100 CHARACTER SET = utf8mb4 COLLATE = utf8mb4_0900_ai_ci COMMENT = '用户信息表' ROW_FORMAT = Dynamic;

-- ----------------------------
-- Records of sys_user
-- ----------------------------
INSERT INTO `sys_user` VALUES (1, 103, 'admin', '若依', '00', 'ry@163.com', '15888888888', '1', '', '$2a$10$7JB720yubVSZvUI0rEqK/.VqGOZTH.ulu33dHOiBE8ByOhJIrdAu2', '0', '0', '127.0.0.1', '2025-01-13 14:16:19', 'admin', '2024-06-26 08:47:33', '', '2025-01-13 06:16:18', '管理员');
INSERT INTO `sys_user` VALUES (2, 105, 'ry', '若依', '00', 'ry@qq.com', '15666666666', '1', '', '$2a$10$7JB720yubVSZvUI0rEqK/.VqGOZTH.ulu33dHOiBE8ByOhJIrdAu2', '0', '0', '127.0.0.1', '2024-06-26 08:47:33', 'admin', '2024-06-26 08:47:33', '', NULL, '测试员');

-- ----------------------------
-- Table structure for sys_user_post
-- ----------------------------
DROP TABLE IF EXISTS `sys_user_post`;
CREATE TABLE `sys_user_post`  (
  `user_id` bigint NOT NULL COMMENT '用户ID',
  `post_id` bigint NOT NULL COMMENT '岗位ID',
  PRIMARY KEY (`user_id`, `post_id`) USING BTREE
) ENGINE = InnoDB CHARACTER SET = utf8mb4 COLLATE = utf8mb4_0900_ai_ci COMMENT = '用户与岗位关联表' ROW_FORMAT = Dynamic;

-- ----------------------------
-- Records of sys_user_post
-- ----------------------------
INSERT INTO `sys_user_post` VALUES (1, 1);
INSERT INTO `sys_user_post` VALUES (2, 2);

-- ----------------------------
-- Table structure for sys_user_role
-- ----------------------------
DROP TABLE IF EXISTS `sys_user_role`;
CREATE TABLE `sys_user_role`  (
  `user_id` bigint NOT NULL COMMENT '用户ID',
  `role_id` bigint NOT NULL COMMENT '角色ID',
  PRIMARY KEY (`user_id`, `role_id`) USING BTREE
) ENGINE = InnoDB CHARACTER SET = utf8mb4 COLLATE = utf8mb4_0900_ai_ci COMMENT = '用户和角色关联表' ROW_FORMAT = Dynamic;

-- ----------------------------
-- Records of sys_user_role
-- ----------------------------
INSERT INTO `sys_user_role` VALUES (1, 1);
INSERT INTO `sys_user_role` VALUES (2, 2);

SET FOREIGN_KEY_CHECKS = 1;
